train_config,task,axis,variant,budget,seed,num_samples,num_episodes,success_rate,trajectory_len_mean,trajectory_len_p50,trajectory_len_p95,action_mag_mean,action_mag_p95,external_brightness_mean,external_contrast_mean,eef_brightness_mean,eef_contrast_mean,flag_count,flags
avoid_camera_fixed,avoid_reach,camera_location_viewpoint,fixed_train,5,0,740,5,1.0,148.0,148.0,148.0,0.11953774989741635,0.31742138534840475,208.1520233154297,48.85197507858276,161.16788139343262,34.16960803031921,0,
avoid_camera_fixed,avoid_reach,camera_location_viewpoint,fixed_train,5,1,740,5,1.0,148.0,148.0,148.0,0.11953774989741635,0.31742138534840475,208.1520233154297,48.85197507858276,161.16788139343262,34.16960803031921,0,
avoid_camera_fixed,avoid_reach,camera_location_viewpoint,fixed_train,5,2,740,5,1.0,148.0,148.0,148.0,0.11953774989741635,0.31742138534840475,208.1520233154297,48.85197507858276,161.16788139343262,34.16960803031921,0,
avoid_camera_fixed,avoid_reach,camera_location_viewpoint,fixed_train,20,0,2960,20,1.0,148.0,148.0,148.0,0.11953774989741632,0.31742138534840475,208.15244438171388,48.85460035324097,161.15108154296874,34.18293225288391,0,
avoid_camera_fixed,avoid_reach,camera_location_viewpoint,fixed_train,20,1,2960,20,1.0,148.0,148.0,148.0,0.11953774989741632,0.31742138534840475,208.15244438171388,48.85460035324097,161.15108154296874,34.18293225288391,0,
avoid_camera_fixed,avoid_reach,camera_location_viewpoint,fixed_train,20,2,2960,20,1.0,148.0,148.0,148.0,0.11953774989741632,0.31742138534840475,208.15244438171388,48.85460035324097,161.15108154296874,34.18293225288391,0,
avoid_camera_fixed,avoid_reach,camera_location_viewpoint,fixed_train,50,0,7400,50,1.0,148.0,148.0,148.0,0.11953774989741633,0.31742138534840475,208.15268119812012,48.851981468200684,161.1517488861084,34.180794372558594,0,
avoid_camera_fixed,avoid_reach,camera_location_viewpoint,fixed_train,50,1,7400,50,1.0,148.0,148.0,148.0,0.11953774989741633,0.31742138534840475,208.15268119812012,48.851981468200684,161.1517488861084,34.180794372558594,0,
avoid_camera_fixed,avoid_reach,camera_location_viewpoint,fixed_train,50,2,7400,50,1.0,148.0,148.0,148.0,0.11953774989741633,0.31742138534840475,208.15268119812012,48.851981468200684,161.1517488861084,34.180794372558594,0,
avoid_camera_multi_pose,avoid_reach,camera_location_viewpoint,diverse_train,5,0,740,5,1.0,148.0,148.0,148.0,0.11953774989741635,0.31742138534840475,216.6892311859131,48.04246326446533,161.16788139343262,34.16960803031921,0,
avoid_camera_multi_pose,avoid_reach,camera_location_viewpoint,diverse_train,5,1,740,5,1.0,148.0,148.0,148.0,0.11953774989741635,0.31742138534840475,214.0828401184082,46.268800296783446,161.16788139343262,34.16960803031921,0,
avoid_camera_multi_pose,avoid_reach,camera_location_viewpoint,diverse_train,5,2,740,5,1.0,148.0,148.0,148.0,0.11953774989741635,0.31742138534840475,208.44540092468262,46.331327228546144,161.16788139343262,34.16960803031921,0,
avoid_camera_multi_pose,avoid_reach,camera_location_viewpoint,diverse_train,20,0,2960,20,1.0,148.0,148.0,148.0,0.11953774989741632,0.31742138534840475,212.66866905212402,47.957916316986086,161.15108154296874,34.18293225288391,0,
avoid_camera_multi_pose,avoid_reach,camera_location_viewpoint,diverse_train,20,1,2960,20,1.0,148.0,148.0,148.0,0.11953774989741632,0.31742138534840475,212.66892738342284,47.011853981018064,161.15108154296874,34.18293225288391,0,
avoid_camera_multi_pose,avoid_reach,camera_location_viewpoint,diverse_train,20,2,2960,20,1.0,148.0,148.0,148.0,0.11953774989741632,0.31742138534840475,208.56792068481445,47.334033241271975,161.15108154296874,34.18293225288391,0,
avoid_camera_multi_pose,avoid_reach,camera_location_viewpoint,diverse_train,50,0,7400,50,1.0,148.0,148.0,148.0,0.11953774989741633,0.31742138534840475,210.87559112548828,47.759382781982424,161.1517488861084,34.180794372558594,0,
avoid_camera_multi_pose,avoid_reach,camera_location_viewpoint,diverse_train,50,1,7400,50,1.0,148.0,148.0,148.0,0.11953774989741633,0.31742138534840475,210.45799453735353,47.43251108169556,161.1517488861084,34.180794372558594,0,
avoid_camera_multi_pose,avoid_reach,camera_location_viewpoint,diverse_train,50,2,7400,50,1.0,148.0,148.0,148.0,0.11953774989741633,0.31742138534840475,209.65096267700196,47.70403205871582,161.1517488861084,34.180794372558594,0,
avoid_color_multi,avoid_reach,color,diverse_train,5,0,740,5,1.0,148.0,148.0,148.0,0.11953774989741635,0.31742138534840475,208.1520233154297,48.85197507858276,161.20710052490233,34.09293278694153,0,
avoid_color_multi,avoid_reach,color,diverse_train,5,1,740,5,1.0,148.0,148.0,148.0,0.11953774989741635,0.31742138534840475,208.1520233154297,48.85197507858276,161.18507400512695,34.10825639724732,0,
avoid_color_multi,avoid_reach,color,diverse_train,5,2,740,5,1.0,148.0,148.0,148.0,0.11953774989741635,0.31742138534840475,208.1520233154297,48.85197507858276,161.17341529846192,34.10978236198425,0,
avoid_color_multi,avoid_reach,color,diverse_train,20,0,2960,20,1.0,148.0,148.0,148.0,0.11953774989741632,0.31742138534840475,208.15244438171388,48.85460035324097,161.1761402130127,34.1207031917572,0,
avoid_color_multi,avoid_reach,color,diverse_train,20,1,2960,20,1.0,148.0,148.0,148.0,0.11953774989741632,0.31742138534840475,208.15244438171388,48.85460035324097,161.16998207092286,34.11868013381958,0,
avoid_color_multi,avoid_reach,color,diverse_train,20,2,2960,20,1.0,148.0,148.0,148.0,0.11953774989741632,0.31742138534840475,208.15244438171388,48.85460035324097,161.1721290588379,34.108611059188846,0,
avoid_color_multi,avoid_reach,color,diverse_train,50,0,7400,50,1.0,148.0,148.0,148.0,0.11953774989741633,0.31742138534840475,208.15268119812012,48.851981468200684,161.171227645874,34.12282726287842,0,
avoid_color_multi,avoid_reach,color,diverse_train,50,1,7400,50,1.0,148.0,148.0,148.0,0.11953774989741633,0.31742138534840475,208.15268119812012,48.851981468200684,161.17058197021484,34.116836881637575,0,
avoid_color_multi,avoid_reach,color,diverse_train,50,2,7400,50,1.0,148.0,148.0,148.0,0.11953774989741633,0.31742138534840475,208.15268119812012,48.851981468200684,161.17560104370116,34.1073805141449,0,
avoid_color_red_only,avoid_reach,color,fixed_train,5,0,740,5,1.0,148.0,148.0,148.0,0.11953774989741635,0.31742138534840475,208.1520233154297,48.85197507858276,161.16788139343262,34.16960803031921,0,
avoid_color_red_only,avoid_reach,color,fixed_train,5,1,740,5,1.0,148.0,148.0,148.0,0.11953774989741635,0.31742138534840475,208.1520233154297,48.85197507858276,161.16788139343262,34.16960803031921,0,
avoid_color_red_only,avoid_reach,color,fixed_train,5,2,740,5,1.0,148.0,148.0,148.0,0.11953774989741635,0.31742138534840475,208.1520233154297,48.85197507858276,161.16788139343262,34.16960803031921,0,
avoid_color_red_only,avoid_reach,color,fixed_train,20,0,2960,20,1.0,148.0,148.0,148.0,0.11953774989741632,0.31742138534840475,208.15244438171388,48.85460035324097,161.15108154296874,34.18293225288391,0,
avoid_color_red_only,avoid_reach,color,fixed_train,20,1,2960,20,1.0,148.0,148.0,148.0,0.11953774989741632,0.31742138534840475,208.15244438171388,48.85460035324097,161.15108154296874,34.18293225288391,0,
avoid_color_red_only,avoid_reach,color,fixed_train,20,2,2960,20,1.0,148.0,148.0,148.0,0.11953774989741632,0.31742138534840475,208.15244438171388,48.85460035324097,161.15108154296874,34.18293225288391,0,
avoid_color_red_only,avoid_reach,color,fixed_train,50,0,7400,50,1.0,148.0,148.0,148.0,0.11953774989741633,0.31742138534840475,208.15268119812012,48.851981468200684,161.1517488861084,34.180794372558594,0,
avoid_color_red_only,avoid_reach,color,fixed_train,50,1,7400,50,1.0,148.0,148.0,148.0,0.11953774989741633,0.31742138534840475,208.15268119812012,48.851981468200684,161.1517488861084,34.180794372558594,0,
avoid_color_red_only,avoid_reach,color,fixed_train,50,2,7400,50,1.0,148.0,148.0,148.0,0.11953774989741633,0.31742138534840475,208.15268119812012,48.851981468200684,161.1517488861084,34.180794372558594,0,
avoid_lighting_diverse,avoid_reach,lighting_direction_intensity,diverse_train,5,0,740,5,1.0,148.0,148.0,148.0,0.11953774989741635,0.31742138534840475,153.77478340148926,81.83626415252685,78.65405527114868,11.252134501934052,0,
avoid_lighting_diverse,avoid_reach,lighting_direction_intensity,diverse_train,5,1,740,5,1.0,148.0,148.0,148.0,0.11953774989741635,0.31742138534840475,143.86114868164063,90.16303848266601,64.54437551498413,11.500164954662322,0,
avoid_lighting_diverse,avoid_reach,lighting_direction_intensity,diverse_train,5,2,740,5,1.0,148.0,148.0,148.0,0.11953774989741635,0.31742138534840475,135.0568282699585,95.89377780914306,52.824557838439944,8.832687911987305,0,
avoid_lighting_diverse,avoid_reach,lighting_direction_intensity,diverse_train,20,0,2960,20,1.0,148.0,148.0,148.0,0.11953774989741632,0.31742138534840475,145.51304695129394,87.8838047027588,67.14039186477662,10.2597336769104,0,
avoid_lighting_diverse,avoid_reach,lighting_direction_intensity,diverse_train,20,1,2960,20,1.0,148.0,148.0,148.0,0.11953774989741632,0.31742138534840475,143.62758445739746,89.92221328735351,64.1986915588379,11.030782713890076,0,
avoid_lighting_diverse,avoid_reach,lighting_direction_intensity,diverse_train,20,2,2960,20,1.0,148.0,148.0,148.0,0.11953774989741632,0.31742138534840475,147.73015327453612,86.75831245422363,70.46093170166016,11.324564979076385,0,
avoid_lighting_diverse,avoid_reach,lighting_direction_intensity,diverse_train,50,0,7400,50,1.0,148.0,148.0,148.0,0.11953774989741633,0.31742138534840475,145.8194652557373,87.71300613403321,67.44775657653808,10.139890248775481,0,
avoid_lighting_diverse,avoid_reach,lighting_direction_intensity,diverse_train,50,1,7400,50,1.0,148.0,148.0,148.0,0.11953774989741633,0.31742138534840475,144.31084087371826,89.12844245910645,65.20835304260254,10.564918186664581,0,
avoid_lighting_diverse,avoid_reach,lighting_direction_intensity,diverse_train,50,2,7400,50,1.0,148.0,148.0,148.0,0.11953774989741633,0.31742138534840475,146.50525787353516,87.75032352447509,68.71664306640625,11.299103398323059,0,
avoid_lighting_fixed,avoid_reach,lighting_direction_intensity,fixed_train,5,0,740,5,1.0,148.0,148.0,148.0,0.11953774989741635,0.31742138534840475,141.89420051574706,89.61374580383301,62.36464973449707,8.836352458000183,0,
avoid_lighting_fixed,avoid_reach,lighting_direction_intensity,fixed_train,5,1,740,5,1.0,148.0,148.0,148.0,0.11953774989741635,0.31742138534840475,141.89420051574706,89.61374580383301,62.36464973449707,8.836352458000183,0,
avoid_lighting_fixed,avoid_reach,lighting_direction_intensity,fixed_train,5,2,740,5,1.0,148.0,148.0,148.0,0.11953774989741635,0.31742138534840475,141.89420051574706,89.61374580383301,62.36464973449707,8.836352458000183,0,
avoid_lighting_fixed,avoid_reach,lighting_direction_intensity,fixed_train,20,0,2960,20,1.0,148.0,148.0,148.0,0.11953774989741632,0.31742138534840475,141.89413345336914,89.61485675811768,62.362633266448974,8.837426056861878,0,
avoid_lighting_fixed,avoid_reach,lighting_direction_intensity,fixed_train,20,1,2960,20,1.0,148.0,148.0,148.0,0.11953774989741632,0.31742138534840475,141.89413345336914,89.61485675811768,62.362633266448974,8.837426056861878,0,
avoid_lighting_fixed,avoid_reach,lighting_direction_intensity,fixed_train,20,2,2960,20,1.0,148.0,148.0,148.0,0.11953774989741632,0.31742138534840475,141.89413345336914,89.61485675811768,62.362633266448974,8.837426056861878,0,
avoid_lighting_fixed,avoid_reach,lighting_direction_intensity,fixed_train,50,0,7400,50,1.0,148.0,148.0,148.0,0.11953774989741633,0.31742138534840475,141.89304000854492,89.61454742431641,62.36048179626465,8.838749127388,0,
avoid_lighting_fixed,avoid_reach,lighting_direction_intensity,fixed_train,50,1,7400,50,1.0,148.0,148.0,148.0,0.11953774989741633,0.31742138534840475,141.89304000854492,89.61454742431641,62.36048179626465,8.838749127388,0,
avoid_lighting_fixed,avoid_reach,lighting_direction_intensity,fixed_train,50,2,7400,50,1.0,148.0,148.0,148.0,0.11953774989741633,0.31742138534840475,141.89304000854492,89.61454742431641,62.36048179626465,8.838749127388,0,
avoid_spatial_narrow,avoid_reach,spatial_distribution,narrow_train,5,0,731,5,1.0,146.2,145.0,149.6,0.11734855123334488,0.31748847313853895,208.19135276794432,49.030833625793456,170.69651557922364,34.127106227874755,0,
avoid_spatial_narrow,avoid_reach,spatial_distribution,narrow_train,5,1,729,5,1.0,145.8,146.0,152.2,0.11787408792915571,0.31742138534840475,208.1019401550293,48.90181806564331,162.0444507598877,32.64102617502213,0,
avoid_spatial_narrow,avoid_reach,spatial_distribution,narrow_train,5,2,738,5,1.0,147.6,149.0,154.4,0.11957880164970731,0.3174314485169249,208.19396743774413,48.97677417755127,166.24643524169923,33.84946498394012,0,
avoid_spatial_narrow,avoid_reach,spatial_distribution,narrow_train,20,0,2951,20,1.0,147.55,148.0,153.05,0.11855890783761085,0.31742138534840475,208.15513893127442,48.93977077484131,165.4285163116455,32.953452706336975,0,
avoid_spatial_narrow,avoid_reach,spatial_distribution,narrow_train,20,1,2913,20,1.0,145.65,146.0,152.05,0.11839051399828729,0.31742138534840475,208.1578059387207,48.918223457336424,164.74201038360596,33.44184102058411,0,
avoid_spatial_narrow,avoid_reach,spatial_distribution,narrow_train,20,2,2978,20,1.0,148.9,150.5,155.0,0.11978390176430015,0.31742138534840475,208.16518188476562,48.90908983230591,162.7973971939087,33.14075575828552,0,
avoid_spatial_narrow,avoid_reach,spatial_distribution,narrow_train,50,0,7244,50,1.0,144.88,145.5,153.0,0.11779357753185564,0.31748847313853895,208.1540789794922,48.95269926071167,166.07814697265624,32.928434126377105,0,
avoid_spatial_narrow,avoid_reach,spatial_distribution,narrow_train,50,1,7293,50,1.0,145.86,146.0,153.55,0.11855608530057805,0.31742138534840475,208.1591562652588,48.909822177886966,165.98410766601563,32.72950873374939,0,
avoid_spatial_narrow,avoid_reach,spatial_distribution,narrow_train,50,2,7314,50,1.0,146.28,148.5,155.0,0.11867114184251498,0.31742138534840475,208.16570190429687,48.93276411056519,163.0568585205078,33.209082560539244,0,
avoid_spatial_wide,avoid_reach,spatial_distribution,wide_train,5,0,695,5,1.0,139.0,140.0,157.4,0.11923651528571726,0.32033811934686535,208.10751670837402,49.072233238220214,168.3266455078125,34.57299719810486,0,
avoid_spatial_wide,avoid_reach,spatial_distribution,wide_train,5,1,640,5,1.0,128.0,118.0,154.4,0.11999043879919773,0.3271937543939021,208.05435775756837,49.133553142547605,165.32717254638672,37.00684272766113,0,
avoid_spatial_wide,avoid_reach,spatial_distribution,wide_train,5,2,674,5,1.0,134.8,147.0,153.2,0.12096727633235467,0.32701436545228574,208.10342918395997,49.17094118118286,170.6056494140625,34.48369149208069,0,
avoid_spatial_wide,avoid_reach,spatial_distribution,wide_train,20,0,2851,20,1.0,142.55,147.0,162.15,0.12031867921423431,0.32076240031000325,208.09270416259767,49.09578310012817,168.22437202453614,33.86366988182068,0,
avoid_spatial_wide,avoid_reach,spatial_distribution,wide_train,20,1,2631,20,1.0,131.55,130.0,162.0,0.12053657082542106,0.3270646413167445,208.08327003479005,49.150899505615236,167.5060193634033,35.4657542514801,0,
avoid_spatial_wide,avoid_reach,spatial_distribution,wide_train,20,2,2747,20,1.0,137.35,148.5,164.05,0.12219992378079207,0.32698729383296177,208.0728704071045,49.116578636169436,167.40837688446044,34.408133049011234,0,
avoid_spatial_wide,avoid_reach,spatial_distribution,wide_train,50,0,7081,50,1.0,141.62,147.0,162.55,0.12096130985461748,0.32143142842563244,208.09425903320312,49.104211750030515,169.3978672027588,33.782509069442746,0,
avoid_spatial_wide,avoid_reach,spatial_distribution,wide_train,50,1,6798,50,1.0,135.96,138.5,162.0,0.1205701991844758,0.32698729383296177,208.1270433807373,49.11839723587036,168.26554790496826,35.324723358154294,0,
avoid_spatial_wide,avoid_reach,spatial_distribution,wide_train,50,2,6807,50,1.0,136.14,142.5,165.0,0.12224080701755204,0.32698729383296177,208.07115173339844,49.0892876625061,166.66452045440673,34.274568510055545,0,
camera_fixed,reach,camera_location_viewpoint,fixed_train,5,0,395,5,1.0,79.0,79.0,79.0,0.1958225726490013,0.4470100175569244,209.0592995452881,48.2308717918396,175.59631072998047,25.489797649383544,0,
camera_fixed,reach,camera_location_viewpoint,fixed_train,5,1,395,5,1.0,79.0,79.0,79.0,0.1958225726490013,0.4470100175569244,209.0592995452881,48.2308717918396,175.59631072998047,25.489797649383544,0,
camera_fixed,reach,camera_location_viewpoint,fixed_train,5,2,395,5,1.0,79.0,79.0,79.0,0.1958225726490013,0.4470100175569244,209.0592995452881,48.2308717918396,175.59631072998047,25.489797649383544,0,
camera_fixed,reach,camera_location_viewpoint,fixed_train,20,0,1580,20,1.0,79.0,79.0,79.0,0.19582257264900124,0.4561692338308953,209.0599691772461,48.23042751312256,175.59752174377442,25.494832544326783,0,
camera_fixed,reach,camera_location_viewpoint,fixed_train,20,1,1580,20,1.0,79.0,79.0,79.0,0.19582257264900124,0.4561692338308953,209.0599691772461,48.23042751312256,175.59752174377442,25.494832544326783,0,
camera_fixed,reach,camera_location_viewpoint,fixed_train,20,2,1580,20,1.0,79.0,79.0,79.0,0.19582257264900124,0.4561692338308953,209.0599691772461,48.23042751312256,175.59752174377442,25.494832544326783,0,
camera_fixed,reach,camera_location_viewpoint,fixed_train,50,0,3950,50,1.0,79.0,79.0,79.0,0.19582257264900127,0.4561692338308953,209.05928817749023,48.229178981781004,175.59790657043456,25.498800621032714,0,
camera_fixed,reach,camera_location_viewpoint,fixed_train,50,1,3950,50,1.0,79.0,79.0,79.0,0.19582257264900127,0.4561692338308953,209.05928817749023,48.229178981781004,175.59790657043456,25.498800621032714,0,
camera_fixed,reach,camera_location_viewpoint,fixed_train,50,2,3950,50,1.0,79.0,79.0,79.0,0.19582257264900127,0.4561692338308953,209.05928817749023,48.229178981781004,175.59790657043456,25.498800621032714,0,
camera_multi_pose,reach,camera_location_viewpoint,diverse_train,5,0,395,5,1.0,79.0,79.0,79.0,0.1958225726490013,0.4470100175569244,211.49827774047853,47.71819940567016,175.59631072998047,25.489797649383544,0,
camera_multi_pose,reach,camera_location_viewpoint,diverse_train,5,1,395,5,1.0,79.0,79.0,79.0,0.1958225726490013,0.4470100175569244,212.35491676330565,47.35586109161377,175.59631072998047,25.489797649383544,0,
camera_multi_pose,reach,camera_location_viewpoint,diverse_train,5,2,395,5,1.0,79.0,79.0,79.0,0.1958225726490013,0.4470100175569244,212.46166374206544,47.71889190673828,175.59631072998047,25.489797649383544,0,
camera_multi_pose,reach,camera_location_viewpoint,diverse_train,20,0,1580,20,1.0,79.0,79.0,79.0,0.19582257264900124,0.4561692338308953,211.30319206237792,47.10533458709717,175.59752174377442,25.494832544326783,0,
camera_multi_pose,reach,camera_location_viewpoint,diverse_train,20,1,1580,20,1.0,79.0,79.0,79.0,0.19582257264900124,0.4561692338308953,210.93247383117676,47.41680391311645,175.59752174377442,25.494832544326783,0,
camera_multi_pose,reach,camera_location_viewpoint,diverse_train,20,2,1580,20,1.0,79.0,79.0,79.0,0.19582257264900124,0.4561692338308953,209.211602935791,46.462882328033444,175.59752174377442,25.494832544326783,0,
camera_multi_pose,reach,camera_location_viewpoint,diverse_train,50,0,3950,50,1.0,79.0,79.0,79.0,0.19582257264900127,0.4561692338308953,210.8230815887451,47.05194814682007,175.59790657043456,25.498800621032714,0,
camera_multi_pose,reach,camera_location_viewpoint,diverse_train,50,1,3950,50,1.0,79.0,79.0,79.0,0.19582257264900127,0.4561692338308953,210.35588203430177,46.88135829925537,175.59790657043456,25.498800621032714,0,
camera_multi_pose,reach,camera_location_viewpoint,diverse_train,50,2,3950,50,1.0,79.0,79.0,79.0,0.19582257264900127,0.4561692338308953,210.04289131164552,46.38687768936157,175.59790657043456,25.498800621032714,0,
color_multi,reach,color,diverse_train,5,0,395,5,1.0,79.0,79.0,79.0,0.1958225726490013,0.4470100175569244,209.0569069671631,48.22475967407227,175.5811033630371,25.399232463836668,0,
color_multi,reach,color,diverse_train,5,1,395,5,1.0,79.0,79.0,79.0,0.1958225726490013,0.4470100175569244,209.06941917419434,48.19020309448242,175.66022644042968,25.147823762893676,0,
color_multi,reach,color,diverse_train,5,2,395,5,1.0,79.0,79.0,79.0,0.1958225726490013,0.4470100175569244,209.08088157653808,48.16754117965698,175.7321957397461,25.014701614379884,0,
color_multi,reach,color,diverse_train,20,0,1580,20,1.0,79.0,79.0,79.0,0.19582257264900124,0.4561692338308953,209.07016204833985,48.197231674194335,175.66130676269532,25.23873194694519,0,
color_multi,reach,color,diverse_train,20,1,1580,20,1.0,79.0,79.0,79.0,0.19582257264900124,0.4561692338308953,209.08066925048828,48.16690084457397,175.72866859436036,25.008358039855956,0,
color_multi,reach,color,diverse_train,20,2,1580,20,1.0,79.0,79.0,79.0,0.19582257264900124,0.4561692338308953,209.07066558837892,48.18964303970337,175.66665008544922,25.156111850738526,0,
color_multi,reach,color,diverse_train,50,0,3950,50,1.0,79.0,79.0,79.0,0.19582257264900127,0.4561692338308953,209.06738388061524,48.196643886566164,175.65053947448732,25.220018482208253,0,
color_multi,reach,color,diverse_train,50,1,3950,50,1.0,79.0,79.0,79.0,0.19582257264900127,0.4561692338308953,209.07501693725587,48.17705284118652,175.69963623046874,25.07807391166687,0,
color_multi,reach,color,diverse_train,50,2,3950,50,1.0,79.0,79.0,79.0,0.19582257264900127,0.4561692338308953,209.0719285583496,48.18411163330078,175.68112442016601,25.12541703224182,0,
color_red_only,reach,color,fixed_train,5,0,395,5,1.0,79.0,79.0,79.0,0.1958225726490013,0.4470100175569244,209.0592995452881,48.2308717918396,175.59631072998047,25.489797649383544,0,
color_red_only,reach,color,fixed_train,5,1,395,5,1.0,79.0,79.0,79.0,0.1958225726490013,0.4470100175569244,209.0592995452881,48.2308717918396,175.59631072998047,25.489797649383544,0,
color_red_only,reach,color,fixed_train,5,2,395,5,1.0,79.0,79.0,79.0,0.1958225726490013,0.4470100175569244,209.0592995452881,48.2308717918396,175.59631072998047,25.489797649383544,0,
color_red_only,reach,color,fixed_train,20,0,1580,20,1.0,79.0,79.0,79.0,0.19582257264900124,0.4561692338308953,209.0599691772461,48.23042751312256,175.59752174377442,25.494832544326783,0,
color_red_only,reach,color,fixed_train,20,1,1580,20,1.0,79.0,79.0,79.0,0.19582257264900124,0.4561692338308953,209.0599691772461,48.23042751312256,175.59752174377442,25.494832544326783,0,
color_red_only,reach,color,fixed_train,20,2,1580,20,1.0,79.0,79.0,79.0,0.19582257264900124,0.4561692338308953,209.0599691772461,48.23042751312256,175.59752174377442,25.494832544326783,0,
color_red_only,reach,color,fixed_train,50,0,3950,50,1.0,79.0,79.0,79.0,0.19582257264900127,0.4561692338308953,209.05928817749023,48.229178981781004,175.59790657043456,25.498800621032714,0,
color_red_only,reach,color,fixed_train,50,1,3950,50,1.0,79.0,79.0,79.0,0.19582257264900127,0.4561692338308953,209.05928817749023,48.229178981781004,175.59790657043456,25.498800621032714,0,
color_red_only,reach,color,fixed_train,50,2,3950,50,1.0,79.0,79.0,79.0,0.19582257264900127,0.4561692338308953,209.05928817749023,48.229178981781004,175.59790657043456,25.498800621032714,0,
lighting_diverse,reach,lighting_direction_intensity,diverse_train,5,0,395,5,1.0,79.0,79.0,79.0,0.1958225726490013,0.4470100175569244,134.48419048309327,95.96081615447999,54.00625209808349,7.937000026702881,0,
lighting_diverse,reach,lighting_direction_intensity,diverse_train,5,1,395,5,1.0,79.0,79.0,79.0,0.1958225726490013,0.4470100175569244,135.67548595428468,96.27608543395996,54.01926483154297,8.025951688289643,0,
lighting_diverse,reach,lighting_direction_intensity,diverse_train,5,2,395,5,1.0,79.0,79.0,79.0,0.1958225726490013,0.4470100175569244,146.55356884002686,87.50961460113525,70.97341361999511,10.448627383708954,0,
lighting_diverse,reach,lighting_direction_intensity,diverse_train,20,0,1580,20,1.0,79.0,79.0,79.0,0.19582257264900124,0.4561692338308953,139.83177280426025,92.46872215270996,61.02504043579101,9.038072352409364,0,
lighting_diverse,reach,lighting_direction_intensity,diverse_train,20,1,1580,20,1.0,79.0,79.0,79.0,0.19582257264900124,0.4561692338308953,141.2609503555298,91.80359550476074,62.467524490356446,9.276070029735566,0,
lighting_diverse,reach,lighting_direction_intensity,diverse_train,20,2,1580,20,1.0,79.0,79.0,79.0,0.19582257264900124,0.4561692338308953,139.345736618042,93.07942989349365,59.662310676574705,8.881429889202117,0,
lighting_diverse,reach,lighting_direction_intensity,diverse_train,50,0,3950,50,1.0,79.0,79.0,79.0,0.19582257264900127,0.4561692338308953,142.5656539916992,90.66204898834229,64.71119668960571,9.560935456752777,0,
lighting_diverse,reach,lighting_direction_intensity,diverse_train,50,1,3950,50,1.0,79.0,79.0,79.0,0.19582257264900127,0.4561692338308953,144.1905588531494,89.52808517456054,66.97910045623779,9.92481206893921,0,
lighting_diverse,reach,lighting_direction_intensity,diverse_train,50,2,3950,50,1.0,79.0,79.0,79.0,0.19582257264900127,0.4561692338308953,143.27684585571288,90.63038009643554,64.72950847625732,9.679022200107575,0,
lighting_fixed,reach,lighting_direction_intensity,fixed_train,5,0,395,5,1.0,79.0,79.0,79.0,0.1958225726490013,0.4470100175569244,142.48002647399903,90.01285976409912,65.16109661102296,9.601895418167114,0,
lighting_fixed,reach,lighting_direction_intensity,fixed_train,5,1,395,5,1.0,79.0,79.0,79.0,0.1958225726490013,0.4470100175569244,142.48002647399903,90.01285976409912,65.16109661102296,9.601895418167114,0,
lighting_fixed,reach,lighting_direction_intensity,fixed_train,5,2,395,5,1.0,79.0,79.0,79.0,0.1958225726490013,0.4470100175569244,142.48002647399903,90.01285976409912,65.16109661102296,9.601895418167114,0,
lighting_fixed,reach,lighting_direction_intensity,fixed_train,20,0,1580,20,1.0,79.0,79.0,79.0,0.19582257264900124,0.4561692338308953,142.47984580993653,90.012847366333,65.1612105178833,9.603027067184449,0,
lighting_fixed,reach,lighting_direction_intensity,fixed_train,20,1,1580,20,1.0,79.0,79.0,79.0,0.19582257264900124,0.4561692338308953,142.47984580993653,90.012847366333,65.1612105178833,9.603027067184449,0,
lighting_fixed,reach,lighting_direction_intensity,fixed_train,20,2,1580,20,1.0,79.0,79.0,79.0,0.19582257264900124,0.4561692338308953,142.47984580993653,90.012847366333,65.1612105178833,9.603027067184449,0,
lighting_fixed,reach,lighting_direction_intensity,fixed_train,50,0,3950,50,1.0,79.0,79.0,79.0,0.19582257264900127,0.4561692338308953,142.4763339996338,90.01224605560303,65.16033203125,9.60203046798706,0,
lighting_fixed,reach,lighting_direction_intensity,fixed_train,50,1,3950,50,1.0,79.0,79.0,79.0,0.19582257264900127,0.4561692338308953,142.4763339996338,90.01224605560303,65.16033203125,9.60203046798706,0,
lighting_fixed,reach,lighting_direction_intensity,fixed_train,50,2,3950,50,1.0,79.0,79.0,79.0,0.19582257264900127,0.4561692338308953,142.4763339996338,90.01224605560303,65.16033203125,9.60203046798706,0,
spatial_narrow,reach,spatial_distribution,narrow_train,5,0,394,5,1.0,78.8,79.0,79.8,0.19753511911680177,0.4514704771933026,208.98800270080565,48.277341022491456,175.21098358154296,25.329989109039307,0,
spatial_narrow,reach,spatial_distribution,narrow_train,5,1,394,5,1.0,78.8,79.0,79.8,0.19758964888212371,0.45218427850843523,209.00748962402344,48.306435909271244,177.8704276275635,25.788186178207397,0,
spatial_narrow,reach,spatial_distribution,narrow_train,5,2,396,5,1.0,79.2,79.0,80.6,0.19746708803020568,0.45426822576180576,208.96194808959962,48.315515155792234,176.40772659301757,25.435980911254884,0,
spatial_narrow,reach,spatial_distribution,narrow_train,20,0,1575,20,1.0,78.75,79.0,80.0,0.19738890945040893,0.4552295344275654,208.990263671875,48.28685132980347,175.8753050994873,25.499190130233764,0,
spatial_narrow,reach,spatial_distribution,narrow_train,20,1,1573,20,1.0,78.65,78.5,80.05,0.1972624032954467,0.45308779043965514,208.9935329437256,48.29490074157715,176.22959098815917,25.807637395858766,0,
spatial_narrow,reach,spatial_distribution,narrow_train,20,2,1579,20,1.0,78.95,79.0,81.0,0.19723385801077153,0.45352941639741723,208.97783065795898,48.286558876037596,175.74498970031738,25.64236961364746,0,
spatial_narrow,reach,spatial_distribution,narrow_train,50,0,3940,50,1.0,78.8,79.0,80.0,0.19714087831019825,0.4536727785294877,209.0188533782959,48.26622272491455,175.46906646728516,25.468920288085936,0,
spatial_narrow,reach,spatial_distribution,narrow_train,50,1,3941,50,1.0,78.82,79.0,80.0,0.19719158208786725,0.45329391227612637,209.0130628967285,48.27570743560791,175.61782402038574,25.632356548309325,0,
spatial_narrow,reach,spatial_distribution,narrow_train,50,2,3950,50,1.0,79.0,79.0,81.0,0.197270370759578,0.45363952055899576,208.99966567993164,48.27389530181885,175.39299049377442,25.50227373123169,0,
spatial_wide,reach,spatial_distribution,wide_train,5,0,394,5,1.0,78.8,78.0,80.8,0.20003077991404014,0.4597535828160342,208.95275901794435,48.27458335876465,177.65547424316406,26.785212059020996,0,
spatial_wide,reach,spatial_distribution,wide_train,5,1,394,5,1.0,78.8,78.0,81.0,0.20113976819319732,0.4609685188742967,208.88982055664061,48.30743013381958,174.44496353149415,27.689394426345824,0,
spatial_wide,reach,spatial_distribution,wide_train,5,2,402,5,1.0,80.4,79.0,84.0,0.2032175257837995,0.46806623439442646,208.8571981048584,48.279706172943115,175.6531755065918,25.259289379119874,0,
spatial_wide,reach,spatial_distribution,wide_train,20,0,1605,20,1.0,80.25,79.5,86.0,0.20218770230900818,0.4675943870409743,208.92926582336426,48.31642822265625,177.42412971496583,28.212817888259888,0,
spatial_wide,reach,spatial_distribution,wide_train,20,1,1603,20,1.0,80.15,79.5,84.05,0.20247397322452615,0.468562482547637,208.88405822753907,48.285611877441404,174.14938537597655,27.14165539741516,0,
spatial_wide,reach,spatial_distribution,wide_train,20,2,1610,20,1.0,80.5,79.5,85.05,0.2033266514434005,0.46824267630916855,208.88166748046876,48.27804845809936,175.37056762695312,25.989786081314087,0,
spatial_wide,reach,spatial_distribution,wide_train,50,0,3997,50,1.0,79.94,79.0,85.0,0.20153530723068647,0.46511781599313345,208.93468917846678,48.30039430618286,176.78329467773438,27.763468017578123,0,
spatial_wide,reach,spatial_distribution,wide_train,50,1,3987,50,1.0,79.74,79.0,84.0,0.20142925650035617,0.46384699728448714,208.89425758361816,48.29411109924317,174.36084129333497,27.182998762130737,0,
spatial_wide,reach,spatial_distribution,wide_train,50,2,4032,50,1.0,80.64,79.5,85.55,0.20315734868539972,0.4682951721355412,208.86549713134767,48.27859094619751,175.20098419189452,26.852268476486206,0,
