family,family_label,split,axis,axis_label,budget,metric_file_count,rollout_count,seed_count,train_config_count,success_at_0p5cm_count,success_at_0p5cm,success_at_0p5cm_pct,success_at_1cm_count,success_at_1cm,success_at_1cm_pct,success_at_2cm_count,success_at_2cm,success_at_2cm_pct,success_at_5cm_count,success_at_5cm,success_at_5cm_pct,nearest_distance_m,nearest_distance_m_file_mean,nearest_distance_m_file_std,nearest_distance_m_file_ci95,end_distance_m,end_distance_m_file_mean,end_distance_m_file_std,end_distance_m_file_ci95,mean_steps,mean_steps_file_mean,mean_steps_file_std,mean_steps_file_ci95,nearest_distance_cm,end_distance_cm
frozen_resnet18,Frozen ResNet-18,id,camera_location_viewpoint,Camera viewpoint,5,12,1800,3,4,62,0.034444444444444444,3.4444444444444446,310,0.17222222222222222,17.22222222222222,651,0.3616666666666667,36.16666666666667,1230,0.6833333333333333,68.33333333333333,0.036400356178346555,0.036400356178346555,0.02487243363978223,0.014072904132182786,0.21853954536106257,0.21853954536106257,0.09629216122758358,0.0544824191014843,399.835,399.83500000000004,0.5715767664977347,0.32340000000000296,3.6400356178346556,21.853954536106258
frozen_resnet18,Frozen ResNet-18,id,camera_location_viewpoint,Camera viewpoint,20,12,1800,3,4,10,0.005555555555555556,0.5555555555555556,386,0.21444444444444444,21.444444444444443,816,0.4533333333333333,45.33333333333333,1653,0.9183333333333333,91.83333333333333,0.03686435092900259,0.03686435092900259,0.04593430992050345,0.025989782473689518,0.24668809141342837,0.24668809141342837,0.12301528923855624,0.06960245214919372,400.0,400.0,0.0,0.0,3.6864350929002585,24.668809141342837
frozen_resnet18,Frozen ResNet-18,id,camera_location_viewpoint,Camera viewpoint,50,12,1800,3,4,4,0.0022222222222222222,0.2222222222222222,288,0.16,16.0,889,0.4938888888888889,49.388888888888886,1800,1.0,100.0,0.02516419203680319,0.02516419203680319,0.013894594600133913,0.007861606974014675,0.2376705574347741,0.23767055743477408,0.10991227408717705,0.06218872341084608,400.0,400.0,0.0,0.0,2.5164192036803192,23.76705574347741
frozen_resnet18,Frozen ResNet-18,id,camera_location_viewpoint,Camera viewpoint,100,4,600,1,4,0,0.0,0.0,233,0.3883333333333333,38.83333333333333,300,0.5,50.0,600,1.0,100.0,0.024896711030354103,0.024896711030354103,0.017484226731802045,0.017134542197166005,0.23849654500683148,0.23849654500683148,0.11917664387331832,0.11679311099585195,400.0,400.0,0.0,0.0,2.4896711030354104,23.849654500683148
frozen_resnet18,Frozen ResNet-18,id,camera_location_viewpoint,Camera viewpoint,200,4,600,1,4,129,0.215,21.5,300,0.5,50.0,300,0.5,50.0,600,1.0,100.0,0.022661413710641985,0.022661413710641985,0.019935466218001754,0.01953675689364172,0.2272813565780719,0.2272813565780719,0.11872474973751074,0.11635025474276052,400.0,400.0,0.0,0.0,2.2661413710641987,22.72813565780719
frozen_resnet18,Frozen ResNet-18,id,color,Color,5,12,1800,3,4,115,0.06388888888888888,6.388888888888888,486,0.27,27.0,750,0.4166666666666667,41.66666666666667,1459,0.8105555555555556,81.05555555555556,0.035764793999389644,0.035764793999389644,0.028844673625374538,0.01632041048065095,0.2222335419141584,0.22223354191415842,0.09725714151829881,0.05502840809947928,400.0,400.0,0.0,0.0,3.5764793999389646,22.22335419141584
frozen_resnet18,Frozen ResNet-18,id,color,Color,20,12,1800,3,4,0,0.0,0.0,450,0.25,25.0,900,0.5,50.0,1691,0.9394444444444444,93.94444444444444,0.033304843652683,0.033304843652683,0.03949687466993776,0.022347460598380726,0.24489642465073203,0.24489642465073203,0.12352492519404948,0.0698908058361646,400.0,400.0,0.0,0.0,3.3304843652683,24.489642465073203
frozen_resnet18,Frozen ResNet-18,id,color,Color,50,12,1800,3,4,0,0.0,0.0,217,0.12055555555555555,12.055555555555555,900,0.5,50.0,1800,1.0,100.0,0.026621171078748174,0.026621171078748174,0.014363915745099645,0.008127150409609376,0.2271779988747504,0.2271779988747504,0.11622552425405479,0.06576078096048824,400.0,400.0,0.0,0.0,2.6621171078748174,22.71779988747504
frozen_resnet18,Frozen ResNet-18,id,color,Color,100,4,600,1,4,150,0.25,25.0,300,0.5,50.0,300,0.5,50.0,600,1.0,100.0,0.02188091750838794,0.02188091750838794,0.01824202532162244,0.01787718481518999,0.22272102298835914,0.22272102298835914,0.11137507720693245,0.10914757566279379,400.0,400.0,0.0,0.0,2.188091750838794,22.272102298835915
frozen_resnet18,Frozen ResNet-18,id,color,Color,200,4,600,1,4,0,0.0,0.0,300,0.5,50.0,300,0.5,50.0,600,1.0,100.0,0.023857920160517097,0.023857920160517097,0.018534107307913376,0.01816342516175511,0.22570839506884416,0.22570839506884416,0.1007574856650827,0.09874233595178104,400.0,400.0,0.0,0.0,2.3857920160517097,22.570839506884415
frozen_resnet18,Frozen ResNet-18,id,lighting_direction_intensity,Lighting,5,12,1800,3,4,272,0.1511111111111111,15.11111111111111,374,0.20777777777777778,20.77777777777778,761,0.42277777777777775,42.27777777777778,1569,0.8716666666666667,87.16666666666667,0.02858570129707611,0.02858570129707611,0.024550663033914333,0.01389084527318595,0.2195481672308718,0.2195481672308718,0.10942432046796544,0.061912637660510285,400.0,400.0,0.0,0.0,2.8585701297076107,21.95481672308718
frozen_resnet18,Frozen ResNet-18,id,lighting_direction_intensity,Lighting,20,12,1800,3,4,75,0.041666666666666664,4.166666666666666,590,0.3277777777777778,32.77777777777778,1110,0.6166666666666667,61.66666666666667,1800,1.0,100.0,0.020522422782507623,0.020522422782507623,0.014200336757151311,0.008034596884338155,0.2386799731416007,0.2386799731416007,0.1182671018428337,0.06691591222353219,400.0,400.0,0.0,0.0,2.052242278250762,23.867997314160068
frozen_resnet18,Frozen ResNet-18,id,lighting_direction_intensity,Lighting,50,12,1800,3,4,150,0.08333333333333333,8.333333333333332,553,0.30722222222222223,30.72222222222222,963,0.535,53.5,1800,1.0,100.0,0.02072805548397203,0.020728055483972035,0.013663205079250219,0.007730686027888212,0.2371123926031093,0.23711239260310926,0.10392036425269038,0.05879848127006326,400.0,400.0,0.0,0.0,2.072805548397203,23.71123926031093
frozen_resnet18,Frozen ResNet-18,id,lighting_direction_intensity,Lighting,100,4,600,1,4,11,0.018333333333333333,1.8333333333333333,331,0.5516666666666666,55.166666666666664,384,0.64,64.0,600,1.0,100.0,0.015775152216665447,0.015775152216665447,0.010888002101454668,0.010670242059425575,0.2280274034291506,0.2280274034291506,0.11882455311258047,0.11644806205032886,400.0,400.0,0.0,0.0,1.5775152216665447,22.802740342915058
frozen_resnet18,Frozen ResNet-18,id,lighting_direction_intensity,Lighting,200,4,600,1,4,0,0.0,0.0,236,0.3933333333333333,39.33333333333333,300,0.5,50.0,600,1.0,100.0,0.020428166690592966,0.020428166690592966,0.01281073229230971,0.012554517646463516,0.21161309249699115,0.21161309249699117,0.12351595507576964,0.12104563597425425,400.0,400.0,0.0,0.0,2.0428166690592966,21.161309249699116
frozen_resnet18,Frozen ResNet-18,id,spatial_distribution,Spatial distribution,5,12,1800,3,4,21,0.011666666666666667,1.1666666666666667,71,0.03944444444444444,3.944444444444444,196,0.10888888888888888,10.888888888888888,614,0.3411111111111111,34.11111111111111,0.0858593288230865,0.0858593288230865,0.03070160191164731,0.01737106656567746,0.2692100859723157,0.2692100859723157,0.04809603152551271,0.02721289161324334,399.82055555555553,399.82055555555553,0.6216137898274896,0.35171111111110687,8.58593288230865,26.921008597231573
frozen_resnet18,Frozen ResNet-18,id,spatial_distribution,Spatial distribution,20,12,1800,3,4,43,0.02388888888888889,2.388888888888889,121,0.06722222222222222,6.722222222222222,372,0.20666666666666667,20.666666666666668,994,0.5522222222222222,55.222222222222214,0.0722931011944052,0.0722931011944052,0.05373436215181041,0.03040307748401897,0.24354297904524072,0.24354297904524072,0.061454405095033596,0.03477110297801584,399.83666666666664,399.83666666666664,0.5658032638058274,0.32013333333333005,7.22931011944052,24.35429790452407
frozen_resnet18,Frozen ResNet-18,id,spatial_distribution,Spatial distribution,50,12,1800,3,4,101,0.05611111111111111,5.611111111111111,338,0.18777777777777777,18.777777777777775,860,0.4777777777777778,47.77777777777778,1447,0.8038888888888889,80.38888888888889,0.03401674348553772,0.034016743485537716,0.020208166233096677,0.01143384641021693,0.18160696646699864,0.18160696646699862,0.042413616423030084,0.023997762601959113,399.6816666666667,399.6816666666667,1.1027390141521833,0.6239333333333322,3.4016743485537724,18.160696646699865
frozen_resnet18,Frozen ResNet-18,id,spatial_distribution,Spatial distribution,100,4,600,1,4,47,0.07833333333333334,7.833333333333334,146,0.24333333333333335,24.333333333333336,288,0.48,48.0,449,0.7483333333333333,74.83333333333333,0.039747234531678256,0.039747234531678256,0.034809295697489834,0.034113109783540034,0.1580300100145784,0.1580300100145784,0.018326208264558937,0.017959684099267757,399.5283333333333,399.5283333333333,0.943333333333328,0.9244666666666614,3.9747234531678255,15.80300100145784
frozen_resnet18,Frozen ResNet-18,id,spatial_distribution,Spatial distribution,200,4,600,1,4,105,0.175,17.5,256,0.4266666666666667,42.66666666666667,348,0.58,57.99999999999999,465,0.775,77.5,0.028847337186937997,0.028847337186937997,0.025083763365347338,0.02458208809804039,0.18580271422989122,0.18580271422989122,0.07685394323445259,0.07531686436976354,399.0466666666667,399.0466666666667,1.1011509130602093,1.079127894799005,2.8847337186938,18.58027142298912
frozen_resnet18,Frozen ResNet-18,ood,camera_location_viewpoint,Camera viewpoint,5,12,1800,3,4,16,0.008888888888888889,0.8888888888888888,79,0.04388888888888889,4.388888888888888,401,0.22277777777777777,22.27777777777778,1287,0.715,71.5,0.04022168626213291,0.04022168626213291,0.018275613163952074,0.010340401576216934,0.22847550629017255,0.22847550629017255,0.09527952544447654,0.05390946647035577,400.0,400.0,0.0,0.0,4.022168626213292,22.847550629017256
frozen_resnet18,Frozen ResNet-18,ood,camera_location_viewpoint,Camera viewpoint,20,12,1800,3,4,17,0.009444444444444445,0.9444444444444444,78,0.043333333333333335,4.333333333333334,394,0.21888888888888888,21.88888888888889,1330,0.7388888888888889,73.88888888888889,0.050973671877646766,0.050973671877646766,0.04181836817338228,0.023660969199533675,0.26400956323903907,0.26400956323903907,0.08536729358787906,0.048301093334292756,399.8383333333333,399.83833333333337,0.5600297611139363,0.3168666666666663,5.097367187764677,26.400956323903905
frozen_resnet18,Frozen ResNet-18,ood,camera_location_viewpoint,Camera viewpoint,50,12,1800,3,4,18,0.01,1.0,162,0.09,9.0,535,0.2972222222222222,29.72222222222222,1541,0.8561111111111112,85.61111111111111,0.03968218173175248,0.03968218173175248,0.02495497957807567,0.01411960889348313,0.25022600138285067,0.25022600138285067,0.0994157405779109,0.05624975049265601,399.8355555555556,399.8355555555556,0.5696522656004378,0.3223111111111151,3.968218173175248,25.022600138285068
frozen_resnet18,Frozen ResNet-18,ood,camera_location_viewpoint,Camera viewpoint,100,4,600,1,4,0,0.0,0.0,79,0.13166666666666665,13.166666666666666,165,0.275,27.500000000000004,573,0.955,95.5,0.032906966612208634,0.032906966612208634,0.01571308565788031,0.015398823944722704,0.23477856183424592,0.23477856183424592,0.09700443316097061,0.0950643444977512,400.0,400.0,0.0,0.0,3.2906966612208635,23.477856183424592
frozen_resnet18,Frozen ResNet-18,ood,camera_location_viewpoint,Camera viewpoint,200,4,600,1,4,125,0.20833333333333334,20.833333333333336,160,0.26666666666666666,26.666666666666668,205,0.3416666666666667,34.166666666666664,575,0.9583333333333334,95.83333333333334,0.02998303156637121,0.02998303156637121,0.02003275875300642,0.01963210357794629,0.2206221366735796,0.2206221366735796,0.09863866270092365,0.09666588944690518,400.0,400.0,0.0,0.0,2.998303156637121,22.06221366735796
frozen_resnet18,Frozen ResNet-18,ood,color,Color,5,12,1800,3,4,108,0.06,6.0,338,0.18777777777777777,18.777777777777775,711,0.395,39.5,1389,0.7716666666666666,77.16666666666666,0.042107945382336365,0.042107945382336365,0.04283724154439278,0.024237451078256266,0.23741275251532595,0.23741275251532593,0.1154469093746095,0.0653202381204503,400.0,400.0,0.0,0.0,4.210794538233636,23.741275251532596
frozen_resnet18,Frozen ResNet-18,ood,color,Color,20,12,1800,3,4,0,0.0,0.0,234,0.13,13.0,790,0.4388888888888889,43.888888888888886,1650,0.9166666666666666,91.66666666666666,0.04000497453846037,0.04000497453846037,0.05189115214934086,0.029360183248742143,0.24474102252266472,0.24474102252266472,0.13558778856144654,0.07671601330028169,400.0,400.0,0.0,0.0,4.000497453846037,24.474102252266473
frozen_resnet18,Frozen ResNet-18,ood,color,Color,50,12,1800,3,4,79,0.04388888888888889,4.388888888888888,149,0.08277777777777778,8.277777777777779,671,0.37277777777777776,37.27777777777778,1758,0.9766666666666667,97.66666666666667,0.03178496412790587,0.03178496412790587,0.021204585358913473,0.01199762360372263,0.22637390336435703,0.22637390336435703,0.11903473880965075,0.06735024372477529,400.0,400.0,0.0,0.0,3.178496412790587,22.637390336435704
frozen_resnet18,Frozen ResNet-18,ood,color,Color,100,4,600,1,4,0,0.0,0.0,188,0.31333333333333335,31.333333333333336,261,0.435,43.5,600,1.0,100.0,0.024414798182745775,0.024414798182745775,0.01630471515994326,0.015978620856744397,0.23684682397792736,0.23684682397792736,0.1259556427532942,0.12343652989822833,400.0,400.0,0.0,0.0,2.4414798182745776,23.684682397792738
frozen_resnet18,Frozen ResNet-18,ood,color,Color,200,4,600,1,4,38,0.06333333333333334,6.333333333333334,79,0.13166666666666665,13.166666666666666,300,0.5,50.0,600,1.0,100.0,0.02501501186750829,0.025015011867508295,0.016077788034296155,0.01575623227361023,0.22388073311497766,0.22388073311497766,0.0968964287687252,0.0949585001933507,400.0,400.0,0.0,0.0,2.501501186750829,22.388073311497767
frozen_resnet18,Frozen ResNet-18,ood,lighting_direction_intensity,Lighting,5,12,1800,3,4,0,0.0,0.0,116,0.06444444444444444,6.444444444444445,442,0.24555555555555555,24.555555555555557,1249,0.6938888888888889,69.38888888888889,0.04803906927661349,0.04803906927661349,0.026692678730582283,0.015102804745484002,0.27144258642362223,0.27144258642362223,0.0765620220049479,0.04331904193397355,400.0,400.0,0.0,0.0,4.803906927661349,27.144258642362225
frozen_resnet18,Frozen ResNet-18,ood,lighting_direction_intensity,Lighting,20,12,1800,3,4,0,0.0,0.0,0,0.0,0.0,380,0.2111111111111111,21.11111111111111,1166,0.6477777777777778,64.77777777777777,0.0458529106537915,0.0458529106537915,0.020770443668138298,0.011751984818127852,0.3001769722584221,0.3001769722584221,0.08193212413562899,0.046357463246483564,400.0,400.0,0.0,0.0,4.58529106537915,30.01769722584221
frozen_resnet18,Frozen ResNet-18,ood,lighting_direction_intensity,Lighting,50,12,1800,3,4,42,0.023333333333333334,2.3333333333333335,166,0.09222222222222222,9.222222222222221,330,0.18333333333333332,18.333333333333332,1192,0.6622222222222223,66.22222222222223,0.03998435370210144,0.03998435370210144,0.01837112007778691,0.010394439699780707,0.26146653345268633,0.26146653345268633,0.07616777896848423,0.043095977937209685,400.0,400.0,0.0,0.0,3.998435370210144,26.146653345268632
frozen_resnet18,Frozen ResNet-18,ood,lighting_direction_intensity,Lighting,100,4,600,1,4,0,0.0,0.0,0,0.0,0.0,40,0.06666666666666667,6.666666666666667,465,0.775,77.5,0.042587381470948454,0.04258738147094846,0.01569126906630036,0.01537744368497435,0.2715178582072258,0.2715178582072258,0.09511915946780689,0.09321677627845075,400.0,400.0,0.0,0.0,4.258738147094846,27.15178582072258
frozen_resnet18,Frozen ResNet-18,ood,lighting_direction_intensity,Lighting,200,4,600,1,4,0,0.0,0.0,0,0.0,0.0,88,0.14666666666666667,14.666666666666666,468,0.78,78.0,0.04428883250181874,0.04428883250181874,0.02050316701574044,0.02009310367542563,0.2598363171517849,0.2598363171517849,0.07645312921621385,0.07492406663188957,400.0,400.0,0.0,0.0,4.428883250181874,25.98363171517849
frozen_resnet18,Frozen ResNet-18,ood,spatial_distribution,Spatial distribution,5,12,1800,3,4,6,0.0033333333333333335,0.33333333333333337,19,0.010555555555555556,1.0555555555555556,72,0.04,4.0,288,0.16,16.0,0.13097336857126923,0.13097336857126923,0.016339298676218316,0.009244828519302653,0.2894529591423149,0.2894529591423149,0.04312085496934142,0.02439792047975136,400.0,400.0,0.0,0.0,13.097336857126923,28.94529591423149
frozen_resnet18,Frozen ResNet-18,ood,spatial_distribution,Spatial distribution,20,12,1800,3,4,10,0.005555555555555556,0.5555555555555556,35,0.019444444444444445,1.9444444444444444,142,0.07888888888888888,7.888888888888888,516,0.2866666666666667,28.666666666666668,0.11348136884302626,0.11348136884302625,0.04563635761945596,0.02582120008929839,0.24642700751059843,0.24642700751059843,0.054884606364844206,0.03105388941392726,399.84055555555557,399.84055555555557,0.5523317575247483,0.3125111111111147,11.348136884302626,24.64270075105984
frozen_resnet18,Frozen ResNet-18,ood,spatial_distribution,Spatial distribution,50,12,1800,3,4,40,0.022222222222222223,2.2222222222222223,134,0.07444444444444444,7.444444444444444,385,0.21388888888888888,21.38888888888889,806,0.4477777777777778,44.77777777777778,0.08047215436688727,0.08047215436688727,0.029068442534901734,0.01644701965999971,0.21361251832865594,0.2136125183286559,0.051284076857116244,0.029016698067025573,400.0,400.0,0.0,0.0,8.047215436688727,21.361251832865594
frozen_resnet18,Frozen ResNet-18,ood,spatial_distribution,Spatial distribution,100,4,600,1,4,7,0.011666666666666667,1.1666666666666667,42,0.07,7.000000000000001,124,0.20666666666666667,20.666666666666668,237,0.395,39.5,0.09045427471321697,0.09045427471321697,0.04181959804742223,0.04098320608647379,0.180548049043864,0.180548049043864,0.028336056995895642,0.02776933585597773,400.0,400.0,0.0,0.0,9.045427471321696,18.0548049043864
frozen_resnet18,Frozen ResNet-18,ood,spatial_distribution,Spatial distribution,200,4,600,1,4,25,0.041666666666666664,4.166666666666666,91,0.15166666666666667,15.166666666666668,163,0.27166666666666667,27.166666666666668,286,0.4766666666666667,47.66666666666667,0.06990146902409226,0.06990146902409226,0.04178712694917491,0.040951384410191416,0.21729581407426546,0.21729581407426546,0.09086698495313993,0.08904964525407713,400.0,400.0,0.0,0.0,6.990146902409227,21.729581407426547
partial_resnet18,Partial ResNet-18,id,camera_location_viewpoint,Camera viewpoint,5,12,1800,3,4,3,0.0016666666666666668,0.16666666666666669,11,0.006111111111111111,0.6111111111111112,38,0.021111111111111112,2.111111111111111,595,0.33055555555555555,33.05555555555556,0.06602608173665228,0.06602608173665228,0.026241373425832867,0.014847454731083896,0.2707580644813263,0.2707580644813263,0.1463694394230472,0.0828163065469903,400.0,400.0,0.0,0.0,6.602608173665228,27.075806448132628
partial_resnet18,Partial ResNet-18,id,camera_location_viewpoint,Camera viewpoint,20,12,1800,3,4,27,0.015,1.5,56,0.03111111111111111,3.111111111111111,130,0.07222222222222222,7.222222222222221,848,0.4711111111111111,47.11111111111111,0.06290469200069007,0.06290469200069007,0.033481446719238285,0.01894391183068613,0.25225886047290663,0.25225886047290663,0.1550027254009097,0.08770104793063405,399.8122222222222,399.81222222222226,0.5808863539703358,0.32866739497668657,6.2904692000690074,25.225886047290665
partial_resnet18,Partial ResNet-18,id,camera_location_viewpoint,Camera viewpoint,50,12,1800,3,4,8,0.0044444444444444444,0.4444444444444444,31,0.017222222222222222,1.7222222222222223,110,0.06111111111111111,6.111111111111111,1121,0.6227777777777778,62.27777777777778,0.047258205060821235,0.047258205060821235,0.018601093179429838,0.010524559231277828,0.2717364740244941,0.2717364740244941,0.1138802868014468,0.06443383795540296,400.0,400.0,0.0,0.0,4.7258205060821235,27.173647402449408
partial_resnet18,Partial ResNet-18,id,camera_location_viewpoint,Camera viewpoint,100,4,600,1,4,20,0.03333333333333333,3.3333333333333335,56,0.09333333333333334,9.333333333333334,254,0.42333333333333334,42.333333333333336,421,0.7016666666666667,70.16666666666667,0.040159056739260755,0.040159056739260755,0.03427581146621474,0.033590295236890444,0.37218837603810245,0.3721883760381024,0.3831447001432387,0.3754818061403739,399.26666666666665,399.26666666666665,1.4666666666666686,1.4373333333333351,4.015905673926076,37.21883760381024
partial_resnet18,Partial ResNet-18,id,camera_location_viewpoint,Camera viewpoint,200,4,600,1,4,150,0.25,25.0,157,0.26166666666666666,26.166666666666664,447,0.745,74.5,450,0.75,75.0,0.03200781578818957,0.03200781578818957,0.043036331525309016,0.042175604894802834,0.3443386005486051,0.3443386005486051,0.3267724837139072,0.32023703403962905,400.0,400.0,0.0,0.0,3.2007815788189573,34.43386005486051
partial_resnet18,Partial ResNet-18,id,color,Color,5,12,1800,3,4,40,0.022222222222222223,2.2222222222222223,40,0.022222222222222223,2.2222222222222223,119,0.0661111111111111,6.611111111111111,683,0.3794444444444444,37.94444444444444,0.0746351467186792,0.0746351467186792,0.06250422700039221,0.0353650956384826,0.29429499262322983,0.29429499262322983,0.21161091671946652,0.11973014733681854,400.0,400.0,0.0,0.0,7.4635146718679195,29.429499262322985
partial_resnet18,Partial ResNet-18,id,color,Color,20,12,1800,3,4,0,0.0,0.0,0,0.0,0.0,0,0.0,0.0,636,0.35333333333333333,35.333333333333336,0.07798906919649906,0.07798906919649906,0.049743717686976156,0.028145157821127066,0.29248275277929175,0.29248275277929175,0.18921008465959996,0.10705568344537969,400.0,400.0,0.0,0.0,7.798906919649906,29.248275277929174
partial_resnet18,Partial ResNet-18,id,color,Color,50,12,1800,3,4,0,0.0,0.0,190,0.10555555555555556,10.555555555555555,264,0.14666666666666667,14.666666666666666,781,0.4338888888888889,43.388888888888886,0.049432374392377416,0.049432374392377416,0.023266789950919017,0.013164425692514744,0.29172408749659856,0.29172408749659856,0.1042902641097833,0.059007771816487746,400.0,400.0,0.0,0.0,4.943237439237742,29.172408749659855
partial_resnet18,Partial ResNet-18,id,color,Color,100,4,600,1,4,0,0.0,0.0,0,0.0,0.0,150,0.25,25.0,600,1.0,100.0,0.024670030198370416,0.024670030198370416,0.011744947323333426,0.011510048376866758,0.20560455578689774,0.20560455578689774,0.13367481825330832,0.13100132188824215,400.0,400.0,0.0,0.0,2.467003019837042,20.560455578689773
partial_resnet18,Partial ResNet-18,id,color,Color,200,4,600,1,4,300,0.5,50.0,300,0.5,50.0,300,0.5,50.0,300,0.5,50.0,0.048350521224783734,0.048350521224783734,0.05258732414205171,0.05153557765921067,0.3100160165441533,0.3100160165441533,0.36005693713389586,0.35285579839121795,400.0,400.0,0.0,0.0,4.835052122478373,31.001601654415328
partial_resnet18,Partial ResNet-18,id,lighting_direction_intensity,Lighting,5,12,1800,3,4,0,0.0,0.0,45,0.025,2.5,240,0.13333333333333333,13.333333333333334,355,0.19722222222222222,19.72222222222222,0.0843139987402699,0.0843139987402699,0.034348034565775655,0.019434230062631445,0.3300435820687562,0.3300435820687562,0.21705487228133125,0.12281035516173551,400.0,400.0,0.0,0.0,8.43139987402699,33.00435820687562
partial_resnet18,Partial ResNet-18,id,lighting_direction_intensity,Lighting,20,12,1800,3,4,0,0.0,0.0,34,0.01888888888888889,1.8888888888888888,173,0.0961111111111111,9.61111111111111,845,0.46944444444444444,46.94444444444444,0.06706037744362321,0.06706037744362321,0.04593448102558894,0.025989879285505342,0.31162249607654907,0.31162249607654907,0.24590396285050584,0.13913326476360457,400.0,400.0,0.0,0.0,6.706037744362321,31.162249607654907
partial_resnet18,Partial ResNet-18,id,lighting_direction_intensity,Lighting,50,12,1800,3,4,11,0.006111111111111111,0.6111111111111112,34,0.01888888888888889,1.8888888888888888,451,0.25055555555555553,25.055555555555554,1286,0.7144444444444444,71.44444444444444,0.039312762719475564,0.039312762719475564,0.024693333967133843,0.013971568952851773,0.2628890561395221,0.2628890561395221,0.060502637979653676,0.03423259003775082,400.0,400.0,0.0,0.0,3.9312762719475565,26.288905613952213
partial_resnet18,Partial ResNet-18,id,lighting_direction_intensity,Lighting,100,4,600,1,4,0,0.0,0.0,54,0.09,9.0,407,0.6783333333333333,67.83333333333333,586,0.9766666666666667,97.66666666666667,0.022760527740853527,0.022760527740853527,0.014847338736477905,0.014550391961748347,0.229736515788051,0.229736515788051,0.12299154470381865,0.12053171380974227,400.0,400.0,0.0,0.0,2.2760527740853527,22.9736515788051
partial_resnet18,Partial ResNet-18,id,lighting_direction_intensity,Lighting,200,4,600,1,4,73,0.12166666666666667,12.166666666666668,300,0.5,50.0,300,0.5,50.0,450,0.75,75.0,0.03583193561120424,0.03583193561120424,0.038382065931641875,0.03761442461300904,0.2017637163773179,0.2017637163773179,0.2200177907223371,0.21561743490789034,400.0,400.0,0.0,0.0,3.5831935611204244,20.17637163773179
partial_resnet18,Partial ResNet-18,id,spatial_distribution,Spatial distribution,5,12,1800,3,4,2,0.0011111111111111111,0.1111111111111111,15,0.008333333333333333,0.8333333333333334,76,0.042222222222222223,4.222222222222222,297,0.165,16.5,0.10669719394438693,0.10669719394438693,0.03771706164491265,0.021340436579857385,0.286811999687925,0.286811999687925,0.18947875923937474,0.10720770039951791,400.0,400.0,0.0,0.0,10.669719394438692,28.681199968792498
partial_resnet18,Partial ResNet-18,id,spatial_distribution,Spatial distribution,20,12,1800,3,4,3,0.0016666666666666668,0.16666666666666669,28,0.015555555555555555,1.5555555555555556,184,0.10222222222222223,10.222222222222223,709,0.3938888888888889,39.38888888888889,0.07561995573012004,0.07561995573012002,0.033779901165095993,0.019112778330249783,0.18249164638187115,0.18249164638187118,0.05561647859522297,0.03146798511056442,400.0,400.0,0.0,0.0,7.561995573012004,18.249164638187114
partial_resnet18,Partial ResNet-18,id,spatial_distribution,Spatial distribution,50,12,1800,3,4,47,0.026111111111111113,2.611111111111111,134,0.07444444444444444,7.444444444444444,463,0.25722222222222224,25.722222222222225,1202,0.6677777777777778,66.77777777777779,0.046841997540840466,0.04684199754084046,0.024973409183493455,0.014130036424379166,0.2151555054117408,0.2151555054117408,0.15984791287696534,0.09044247081833746,400.0,400.0,0.0,0.0,4.684199754084046,21.51555054117408
partial_resnet18,Partial ResNet-18,id,spatial_distribution,Spatial distribution,100,4,600,1,4,19,0.03166666666666667,3.166666666666667,60,0.1,10.0,179,0.29833333333333334,29.833333333333336,418,0.6966666666666667,69.66666666666667,0.04248880717806363,0.04248880717806363,0.02338214316578972,0.022914500302473925,0.21635344334024315,0.21635344334024315,0.08717253849721467,0.08542908772727037,400.0,400.0,0.0,0.0,4.248880717806363,21.635344334024314
partial_resnet18,Partial ResNet-18,id,spatial_distribution,Spatial distribution,200,4,600,1,4,19,0.03166666666666667,3.166666666666667,89,0.14833333333333334,14.833333333333334,268,0.44666666666666666,44.666666666666664,406,0.6766666666666666,67.66666666666666,0.10981446602168338,0.10981446602168338,0.1733809539978445,0.16991333491788763,0.33123539201992874,0.33123539201992874,0.4388090355618125,0.43003285485057624,400.0,400.0,0.0,0.0,10.981446602168338,33.12353920199288
partial_resnet18,Partial ResNet-18,ood,camera_location_viewpoint,Camera viewpoint,5,12,1800,3,4,6,0.0033333333333333335,0.33333333333333337,20,0.011111111111111112,1.1111111111111112,57,0.03166666666666667,3.166666666666667,326,0.1811111111111111,18.11111111111111,0.09546681701865357,0.09546681701865357,0.03165320328376902,0.01790948572786603,0.27673782270298236,0.27673782270298236,0.06996661849983625,0.03958734110466494,400.0,400.0,0.0,0.0,9.546681701865358,27.673782270298236
partial_resnet18,Partial ResNet-18,ood,camera_location_viewpoint,Camera viewpoint,20,12,1800,3,4,19,0.010555555555555556,1.0555555555555556,46,0.025555555555555557,2.555555555555556,123,0.06833333333333333,6.833333333333333,631,0.35055555555555556,35.05555555555556,0.07837583137973625,0.07837583137973626,0.04224823485171359,0.023904189169134903,0.24845496523983052,0.24845496523983054,0.06924399916252642,0.039178480725125836,400.0,400.0,0.0,0.0,7.837583137973625,24.84549652398305
partial_resnet18,Partial ResNet-18,ood,camera_location_viewpoint,Camera viewpoint,50,12,1800,3,4,24,0.013333333333333334,1.3333333333333335,85,0.04722222222222222,4.722222222222222,259,0.1438888888888889,14.38888888888889,1008,0.56,56.00000000000001,0.055177477967808954,0.055177477967808954,0.03236146093280677,0.01831022021730704,0.23575744656276787,0.23575744656276787,0.09685533595193749,0.054801065198616696,399.93944444444446,399.93944444444446,0.20977059780557014,0.11868888888889235,5.517747796780895,23.575744656276786
partial_resnet18,Partial ResNet-18,ood,camera_location_viewpoint,Camera viewpoint,100,4,600,1,4,53,0.08833333333333333,8.833333333333334,92,0.15333333333333332,15.333333333333332,171,0.285,28.499999999999996,236,0.3933333333333333,39.33333333333333,0.07768941371847177,0.07768941371847177,0.066973140061368,0.06563367726014063,0.4446691692210152,0.4446691692210152,0.32387920716590396,0.3174016230225859,398.92,398.92,2.1599999999999966,2.1167999999999965,7.768941371847177,44.46691692210152
partial_resnet18,Partial ResNet-18,ood,camera_location_viewpoint,Camera viewpoint,200,4,600,1,4,0,0.0,0.0,6,0.01,1.0,257,0.42833333333333334,42.833333333333336,457,0.7616666666666667,76.16666666666667,0.04641218213830143,0.04641218213830143,0.050243508972403546,0.04923863879295547,0.21815779076889158,0.21815779076889158,0.07391152174110213,0.07243329130628008,400.0,400.0,0.0,0.0,4.641218213830143,21.815779076889157
partial_resnet18,Partial ResNet-18,ood,color,Color,5,12,1800,3,4,0,0.0,0.0,0,0.0,0.0,39,0.021666666666666667,2.166666666666667,644,0.35777777777777775,35.77777777777777,0.08057426390031146,0.08057426390031146,0.056616082186041396,0.03203356408476152,0.3291585459291107,0.3291585459291107,0.20286352415129377,0.1147808440719555,400.0,400.0,0.0,0.0,8.057426390031146,32.91585459291107
partial_resnet18,Partial ResNet-18,ood,color,Color,20,12,1800,3,4,0,0.0,0.0,0,0.0,0.0,71,0.03944444444444444,3.944444444444444,660,0.36666666666666664,36.666666666666664,0.08397969947506984,0.08397969947506984,0.0547473126202647,0.030976208165144053,0.329955160199768,0.329955160199768,0.19641656750158304,0.11113313495793443,400.0,400.0,0.0,0.0,8.397969947506983,32.9955160199768
partial_resnet18,Partial ResNet-18,ood,color,Color,50,12,1800,3,4,76,0.042222222222222223,4.222222222222222,154,0.08555555555555555,8.555555555555555,404,0.22444444444444445,22.444444444444443,1060,0.5888888888888889,58.88888888888889,0.043564956742597534,0.043564956742597534,0.020625409662043223,0.011669924104116425,0.27760922878152794,0.27760922878152794,0.10241583751699088,0.05794721513252135,400.0,400.0,0.0,0.0,4.356495674259754,27.760922878152794
partial_resnet18,Partial ResNet-18,ood,color,Color,100,4,600,1,4,0,0.0,0.0,0,0.0,0.0,73,0.12166666666666667,12.166666666666668,561,0.935,93.5,0.029862839460062483,0.029862839460062483,0.013359203552578174,0.01309201948152661,0.2304198828805238,0.23041988288052379,0.13340110916179054,0.13073308697855474,400.0,400.0,0.0,0.0,2.9862839460062482,23.04198828805238
partial_resnet18,Partial ResNet-18,ood,color,Color,200,4,600,1,4,182,0.30333333333333334,30.333333333333336,262,0.43666666666666665,43.666666666666664,262,0.43666666666666665,43.666666666666664,300,0.5,50.0,0.04698917955043726,0.04698917955043726,0.04600454349974349,0.04508445262974862,0.29867438750031094,0.29867438750031094,0.36948004386202066,0.3620904429847802,400.0,400.0,0.0,0.0,4.698917955043726,29.867438750031095
partial_resnet18,Partial ResNet-18,ood,lighting_direction_intensity,Lighting,5,12,1800,3,4,0,0.0,0.0,0,0.0,0.0,105,0.058333333333333334,5.833333333333333,442,0.24555555555555555,24.555555555555557,0.11462143457287716,0.11462143457287716,0.057023985922487856,0.03226435735016152,0.3235672585521307,0.3235672585521307,0.16139787785791473,0.09131944606334338,400.0,400.0,0.0,0.0,11.462143457287716,32.35672585521307
partial_resnet18,Partial ResNet-18,ood,lighting_direction_intensity,Lighting,20,12,1800,3,4,0,0.0,0.0,40,0.022222222222222223,2.2222222222222223,102,0.056666666666666664,5.666666666666666,759,0.4216666666666667,42.16666666666667,0.08767679415229294,0.08767679415229294,0.04795352581229965,0.027132261415596413,0.3157410266664293,0.3157410266664293,0.1816856533885705,0.10279833567394855,400.0,400.0,0.0,0.0,8.767679415229294,31.57410266664293
partial_resnet18,Partial ResNet-18,ood,lighting_direction_intensity,Lighting,50,12,1800,3,4,0,0.0,0.0,34,0.01888888888888889,1.8888888888888888,190,0.10555555555555556,10.555555555555555,1098,0.61,61.0,0.06149004376803835,0.06149004376803835,0.04010902774841159,0.02269381880813001,0.28013614375972085,0.28013614375972085,0.09675256734753973,0.05474291838683167,400.0,400.0,0.0,0.0,6.149004376803835,28.013614375972086
partial_resnet18,Partial ResNet-18,ood,lighting_direction_intensity,Lighting,100,4,600,1,4,0,0.0,0.0,102,0.17,17.0,223,0.37166666666666665,37.166666666666664,470,0.7833333333333333,78.33333333333333,0.030539763004829485,0.030539763004829485,0.016363788374530033,0.016036512607039432,0.20254007572929064,0.20254007572929064,0.1121821966333099,0.1099385527006437,400.0,400.0,0.0,0.0,3.0539763004829483,20.254007572929066
partial_resnet18,Partial ResNet-18,ood,lighting_direction_intensity,Lighting,200,4,600,1,4,110,0.18333333333333332,18.333333333333332,150,0.25,25.0,224,0.37333333333333335,37.333333333333336,373,0.6216666666666667,62.16666666666667,0.058887771096390984,0.058887771096390984,0.06821264718397595,0.06684839424029643,0.16525619989881912,0.16525619989881912,0.15646171533157777,0.1533324810249462,400.0,400.0,0.0,0.0,5.888777109639099,16.52561998988191
partial_resnet18,Partial ResNet-18,ood,spatial_distribution,Spatial distribution,5,12,1800,3,4,0,0.0,0.0,7,0.0038888888888888888,0.3888888888888889,44,0.024444444444444446,2.4444444444444446,206,0.11444444444444445,11.444444444444445,0.14198425394198338,0.1419842539419834,0.02324482541574749,0.013151998086826716,0.289240133676471,0.289240133676471,0.10192241924842543,0.05766803746574559,400.0,400.0,0.0,0.0,14.198425394198338,28.9240133676471
partial_resnet18,Partial ResNet-18,ood,spatial_distribution,Spatial distribution,20,12,1800,3,4,1,0.0005555555555555556,0.05555555555555555,11,0.006111111111111111,0.6111111111111112,75,0.041666666666666664,4.166666666666666,328,0.18222222222222223,18.22222222222222,0.12042963515566145,0.12042963515566145,0.026109252465382746,0.014772700260444055,0.22290361835000416,0.22290361835000416,0.03883547084445191,0.02197323615522717,400.0,400.0,0.0,0.0,12.042963515566145,22.290361835000418
partial_resnet18,Partial ResNet-18,ood,spatial_distribution,Spatial distribution,50,12,1800,3,4,14,0.0077777777777777776,0.7777777777777778,61,0.03388888888888889,3.3888888888888893,210,0.11666666666666667,11.666666666666666,573,0.31833333333333336,31.833333333333336,0.08865630445908108,0.08865630445908108,0.0321666957752899,0.018200021455508333,0.26629972260390383,0.26629972260390383,0.16031942469453345,0.09070925374364053,399.9277777777778,399.92777777777775,0.25018511664884,0.1415555555555568,8.865630445908108,26.62997226039038
partial_resnet18,Partial ResNet-18,ood,spatial_distribution,Spatial distribution,100,4,600,1,4,4,0.006666666666666667,0.6666666666666667,15,0.025,2.5,68,0.11333333333333333,11.333333333333332,209,0.34833333333333333,34.833333333333336,0.08894606384584525,0.08894606384584525,0.031333963704400496,0.030707284430312485,0.24384774742201748,0.24384774742201748,0.10063112339250779,0.09861850092465764,400.0,400.0,0.0,0.0,8.894606384584524,24.38477474220175
partial_resnet18,Partial ResNet-18,ood,spatial_distribution,Spatial distribution,200,4,600,1,4,9,0.015,1.5,38,0.06333333333333334,6.333333333333334,97,0.16166666666666665,16.166666666666664,208,0.3466666666666667,34.66666666666667,0.15023092583791975,0.15023092583791972,0.15319983765682496,0.15013584090368845,0.3765293660887983,0.3765293660887983,0.41662988949950314,0.40829729170951307,400.0,400.0,0.0,0.0,15.023092583791975,37.65293660887983
scratch_cnn,Scratch CNN,id,camera_location_viewpoint,Camera viewpoint,5,12,1800,3,4,0,0.0,0.0,600,0.3333333333333333,33.33333333333333,1350,0.75,75.0,1800,1.0,100.0,0.01630777198045204,0.01630777198045204,0.009817520693163688,0.005554785250673321,0.41675541991160975,0.41675541991160975,0.14068477079121725,0.07959990248144627,400.0,400.0,0.0,0.0,1.6307771980452042,41.675541991160976
scratch_cnn,Scratch CNN,id,camera_location_viewpoint,Camera viewpoint,20,12,1800,3,4,0,0.0,0.0,910,0.5055555555555555,50.55555555555556,1500,0.8333333333333334,83.33333333333334,1800,1.0,100.0,0.012585118285949446,0.012585118285949446,0.00776956180370069,0.004396043426874987,0.5647006997476436,0.5647006997476435,0.5166322804606202,0.2923122304720695,400.0,400.0,0.0,0.0,1.2585118285949446,56.47006997476436
scratch_cnn,Scratch CNN,id,camera_location_viewpoint,Camera viewpoint,50,12,1800,3,4,483,0.2683333333333333,26.833333333333332,900,0.5,50.0,1500,0.8333333333333334,83.33333333333334,1650,0.9166666666666666,91.66666666666666,0.027900854397772085,0.027900854397772085,0.058249572116118586,0.03295779801859316,0.4486000057009773,0.4486000057009773,0.4716902324766138,0.26688387304060035,400.0,400.0,0.0,0.0,2.7900854397772084,44.86000057009773
scratch_cnn,Scratch CNN,id,camera_location_viewpoint,Camera viewpoint,100,4,600,1,4,300,0.5,50.0,300,0.5,50.0,450,0.75,75.0,600,1.0,100.0,0.01075947869181012,0.01075947869181012,0.010617832879217852,0.010405476221633495,0.5317278775107116,0.5317278775107116,0.5779006403679714,0.5663426275606119,400.0,400.0,0.0,0.0,1.075947869181012,53.17278775107116
scratch_cnn,Scratch CNN,id,camera_location_viewpoint,Camera viewpoint,200,4,600,1,4,300,0.5,50.0,300,0.5,50.0,450,0.75,75.0,600,1.0,100.0,0.010358342558611185,0.010358342558611185,0.008881153829977952,0.008703530753378392,0.4788209463314464,0.47882094633144634,0.5759968303961104,0.5644768937881882,400.0,400.0,0.0,0.0,1.0358342558611184,47.88209463314464
scratch_cnn,Scratch CNN,id,color,Color,5,12,1800,3,4,300,0.16666666666666666,16.666666666666664,600,0.3333333333333333,33.33333333333333,1200,0.6666666666666666,66.66666666666666,1800,1.0,100.0,0.01667488185197322,0.01667488185197322,0.010541064786328809,0.0059641688600935786,0.4110817932917012,0.4110817932917012,0.1356496042754985,0.07675098883304675,400.0,400.0,0.0,0.0,1.667488185197322,41.10817932917012
scratch_cnn,Scratch CNN,id,color,Color,20,12,1800,3,4,150,0.08333333333333333,8.333333333333332,569,0.3161111111111111,31.61111111111111,1607,0.8927777777777778,89.27777777777777,1800,1.0,100.0,0.013234024407704258,0.013234024407704258,0.006015352819136979,0.003403506258011323,0.5315274309780863,0.5315274309780863,0.42773151880390003,0.2420118893718728,400.0,400.0,0.0,0.0,1.323402440770426,53.15274309780863
scratch_cnn,Scratch CNN,id,color,Color,50,12,1800,3,4,750,0.4166666666666667,41.66666666666667,900,0.5,50.0,1500,0.8333333333333334,83.33333333333334,1800,1.0,100.0,0.010620451863053151,0.010620451863053151,0.007720290567264172,0.004368165600487457,0.47692279527448894,0.47692279527448894,0.4733383231538523,0.2678163681248299,377.0833333333333,377.0833333333333,79.38566201357355,44.91666666666668,1.062045186305315,47.692279527448896
scratch_cnn,Scratch CNN,id,color,Color,100,4,600,1,4,221,0.36833333333333335,36.833333333333336,300,0.5,50.0,450,0.75,75.0,600,1.0,100.0,0.012763081903103738,0.012763081903103738,0.010914022569232568,0.010695742117847917,0.5438586238771677,0.5438586238771677,0.5407242764594996,0.5299097909303097,400.0,400.0,0.0,0.0,1.276308190310374,54.38586238771676
scratch_cnn,Scratch CNN,id,color,Color,200,4,600,1,4,300,0.5,50.0,300,0.5,50.0,600,1.0,100.0,600,1.0,100.0,0.007448447113323103,0.007448447113323103,0.007951546384918486,0.007792515457220117,0.36730126378693967,0.36730126378693967,0.424137551164405,0.4156548001411169,261.75,261.75,159.63787144659628,156.44511401766434,0.7448447113323103,36.73012637869397
scratch_cnn,Scratch CNN,id,lighting_direction_intensity,Lighting,5,12,1800,3,4,0,0.0,0.0,150,0.08333333333333333,8.333333333333332,1200,0.6666666666666666,66.66666666666666,1800,1.0,100.0,0.018103996984557145,0.018103996984557145,0.007164703450070979,0.004053812596251074,0.38928766059378783,0.38928766059378783,0.1936156823800732,0.10954838501463898,400.0,400.0,0.0,0.0,1.8103996984557145,38.92876605937878
scratch_cnn,Scratch CNN,id,lighting_direction_intensity,Lighting,20,12,1800,3,4,150,0.08333333333333333,8.333333333333332,429,0.23833333333333334,23.833333333333336,1350,0.75,75.0,1800,1.0,100.0,0.015834289522738094,0.015834289522738094,0.006873433372348218,0.0038890110356265568,0.49191606473902033,0.49191606473902033,0.39954723447136814,0.22606512930849465,400.0,400.0,0.0,0.0,1.5834289522738094,49.191606473902034
scratch_cnn,Scratch CNN,id,lighting_direction_intensity,Lighting,50,12,1800,3,4,600,0.3333333333333333,33.33333333333333,900,0.5,50.0,1107,0.615,61.5,1800,1.0,100.0,0.012402919589205542,0.012402919589205542,0.008496316289794038,0.004807243487092135,0.4356092708123227,0.4356092708123227,0.40418340926410484,0.22868829213779937,400.0,400.0,0.0,0.0,1.240291958920554,43.56092708123227
scratch_cnn,Scratch CNN,id,lighting_direction_intensity,Lighting,100,4,600,1,4,150,0.25,25.0,300,0.5,50.0,600,1.0,100.0,600,1.0,100.0,0.011240379775408656,0.011240379775408656,0.007862776644028137,0.007705521111147574,0.5232851052532593,0.5232851052532593,0.43421608281147606,0.42553176115524655,400.0,400.0,0.0,0.0,1.1240379775408655,52.32851052532593
scratch_cnn,Scratch CNN,id,lighting_direction_intensity,Lighting,200,4,600,1,4,221,0.36833333333333335,36.833333333333336,300,0.5,50.0,450,0.75,75.0,600,1.0,100.0,0.011517145535132537,0.011517145535132537,0.009696399959174606,0.009502471959991113,0.4254137071842949,0.4254137071842949,0.4328765189020052,0.42421898852396506,400.0,400.0,0.0,0.0,1.1517145535132536,42.54137071842949
scratch_cnn,Scratch CNN,id,spatial_distribution,Spatial distribution,5,12,1800,3,4,11,0.006111111111111111,0.6111111111111112,46,0.025555555555555557,2.555555555555556,196,0.10888888888888888,10.888888888888888,679,0.37722222222222224,37.72222222222222,0.07624637079473663,0.07624637079473663,0.02305991574027527,0.013047375588935256,0.3309341567372839,0.3309341567372838,0.1297101279766486,0.07339041375786011,399.8466666666667,399.84666666666664,0.5311622476544485,0.30053333333332927,7.624637079473663,33.09341567372839
scratch_cnn,Scratch CNN,id,spatial_distribution,Spatial distribution,20,12,1800,3,4,17,0.009444444444444445,0.9444444444444444,53,0.029444444444444443,2.944444444444444,342,0.19,19.0,917,0.5094444444444445,50.94444444444445,0.06255709130656517,0.06255709130656517,0.016925717013371977,0.009576625928419784,0.2925993362396063,0.29259933623960627,0.14633543295407866,0.0827970655758574,399.8411111111111,399.8411111111111,0.5504072566274514,0.3114222222222269,6.255709130656517,29.25993362396063
scratch_cnn,Scratch CNN,id,spatial_distribution,Spatial distribution,50,12,1800,3,4,28,0.015555555555555555,1.5555555555555556,136,0.07555555555555556,7.555555555555555,522,0.29,28.999999999999996,1019,0.5661111111111111,56.611111111111114,0.056316339767719104,0.056316339767719104,0.028358976252171438,0.016045601321670717,0.21957106044315475,0.21957106044315475,0.15267616396564607,0.08638467187711708,399.8594444444444,399.8594444444445,0.4868987270165846,0.275488888888889,5.63163397677191,21.957106044315474
scratch_cnn,Scratch CNN,id,spatial_distribution,Spatial distribution,100,4,600,1,4,66,0.11,11.0,168,0.28,28.000000000000004,268,0.44666666666666666,44.666666666666664,472,0.7866666666666666,78.66666666666666,0.03551855049590813,0.03551855049590813,0.02015542826308005,0.01975231969781845,0.16593062595590405,0.16593062595590408,0.1194803527143113,0.11709074566002507,397.86833333333334,397.86833333333334,3.230963048724356,3.166343787749869,3.551855049590813,16.593062595590403
scratch_cnn,Scratch CNN,id,spatial_distribution,Spatial distribution,200,4,600,1,4,51,0.085,8.5,131,0.21833333333333332,21.833333333333332,347,0.5783333333333334,57.833333333333336,510,0.85,85.0,0.028721097221811456,0.02872109722181146,0.021751265022601527,0.021316239722149497,0.15237142562235628,0.15237142562235628,0.08768176527937975,0.08592812997379215,398.69666666666666,398.69666666666666,2.606666666666655,2.5545333333333216,2.8721097221811456,15.23714256223563
scratch_cnn,Scratch CNN,ood,camera_location_viewpoint,Camera viewpoint,5,12,1800,3,4,43,0.02388888888888889,2.388888888888889,600,0.3333333333333333,33.33333333333333,1350,0.75,75.0,1800,1.0,100.0,0.01629525870524554,0.01629525870524554,0.009785766634356704,0.005536818700561248,0.4165548768639564,0.4165548768639564,0.1408913559929172,0.07971678906282209,400.0,400.0,0.0,0.0,1.6295258705245539,41.655487686395645
scratch_cnn,Scratch CNN,ood,camera_location_viewpoint,Camera viewpoint,20,12,1800,3,4,13,0.007222222222222222,0.7222222222222222,1002,0.5566666666666666,55.666666666666664,1498,0.8322222222222222,83.22222222222221,1800,1.0,100.0,0.012329590040414284,0.012329590040414284,0.007719745932066384,0.004367857444114965,0.5748425346726759,0.5748425346726759,0.5079355115021221,0.2873915702107861,400.0,400.0,0.0,0.0,1.2329590040414284,57.484253467267585
scratch_cnn,Scratch CNN,ood,camera_location_viewpoint,Camera viewpoint,50,12,1800,3,4,536,0.29777777777777775,29.777777777777775,1043,0.5794444444444444,57.94444444444444,1321,0.7338888888888889,73.38888888888889,1647,0.915,91.5,0.028600935857442285,0.02860093585744228,0.05842362018938763,0.03305627498650789,0.44329117486536335,0.44329117486536335,0.469950192898501,0.26589935296815276,387.93833333333333,387.93833333333333,40.069854874917745,22.67165466845454,2.8600935857442287,44.32911748653633
scratch_cnn,Scratch CNN,ood,camera_location_viewpoint,Camera viewpoint,100,4,600,1,4,300,0.5,50.0,300,0.5,50.0,460,0.7666666666666667,76.66666666666667,599,0.9983333333333333,99.83333333333333,0.010955798542466559,0.010955798542466557,0.011610506048044667,0.011378295927083773,0.4092020153903771,0.4092020153903771,0.5666280105617367,0.555295450350502,342.2683333333333,342.2683333333333,115.46333333333335,113.15406666666668,1.095579854246656,40.92020153903771
scratch_cnn,Scratch CNN,ood,camera_location_viewpoint,Camera viewpoint,200,4,600,1,4,324,0.54,54.0,370,0.6166666666666667,61.66666666666667,413,0.6883333333333334,68.83333333333333,599,0.9983333333333333,99.83333333333333,0.01101474866484447,0.01101474866484447,0.008657389753005165,0.008484241957945062,0.4969109510630369,0.49691095106303695,0.586112374253183,0.5743901267681193,400.0,400.0,0.0,0.0,1.1014748664844471,49.69109510630369
scratch_cnn,Scratch CNN,ood,color,Color,5,12,1800,3,4,300,0.16666666666666666,16.666666666666664,600,0.3333333333333333,33.33333333333333,1200,0.6666666666666666,66.66666666666666,1800,1.0,100.0,0.016650321271865526,0.016650321271865526,0.010592630273251092,0.0059933447808939435,0.41188054574032623,0.4118805457403263,0.1350879200424503,0.07643318606075981,400.0,400.0,0.0,0.0,1.6650321271865525,41.18805457403262
scratch_cnn,Scratch CNN,ood,color,Color,20,12,1800,3,4,150,0.08333333333333333,8.333333333333332,450,0.25,25.0,1539,0.855,85.5,1800,1.0,100.0,0.015087368065594799,0.015087368065594799,0.006416887895268204,0.0036306961146188935,0.49208198986740576,0.49208198986740576,0.37751086791680866,0.21359688118950318,400.0,400.0,0.0,0.0,1.50873680655948,49.20819898674058
scratch_cnn,Scratch CNN,ood,color,Color,50,12,1800,3,4,488,0.27111111111111114,27.111111111111114,740,0.4111111111111111,41.11111111111111,1500,0.8333333333333334,83.33333333333334,1800,1.0,100.0,0.012060135405821105,0.012060135405821105,0.006508053950948292,0.003682278166470992,0.4802521412350082,0.4802521412350082,0.45829204756648345,0.2593031362893745,394.17333333333335,394.17333333333335,20.18416541086932,11.420266666666668,1.2060135405821106,48.02521412350082
scratch_cnn,Scratch CNN,ood,color,Color,100,4,600,1,4,261,0.435,43.5,300,0.5,50.0,450,0.75,75.0,600,1.0,100.0,0.012144162905169651,0.012144162905169651,0.011050738704692946,0.010829723930599087,0.5242123121387946,0.5242123121387946,0.5620202065111228,0.5507798023809004,349.97333333333336,349.97333333333336,100.05333333333333,98.05226666666665,1.214416290516965,52.42123121387946
scratch_cnn,Scratch CNN,ood,color,Color,200,4,600,1,4,188,0.31333333333333335,31.333333333333336,342,0.57,56.99999999999999,600,1.0,100.0,600,1.0,100.0,0.008336141614806062,0.008336141614806062,0.005635042328161762,0.005522341481598527,0.3592904193971966,0.3592904193971966,0.40036586353190523,0.3923585462612671,364.45166666666665,364.45166666666665,71.09666666666666,69.67473333333334,0.8336141614806062,35.92904193971966
scratch_cnn,Scratch CNN,ood,lighting_direction_intensity,Lighting,5,12,1800,3,4,0,0.0,0.0,326,0.1811111111111111,18.11111111111111,1050,0.5833333333333334,58.333333333333336,1800,1.0,100.0,0.019238024684600532,0.019238024684600532,0.009371816524132942,0.005302604377143858,0.3796052115741703,0.3796052115741703,0.1907341949263394,0.10791803000870083,400.0,400.0,0.0,0.0,1.9238024684600532,37.960521157417034
scratch_cnn,Scratch CNN,ood,lighting_direction_intensity,Lighting,20,12,1800,3,4,176,0.09777777777777778,9.777777777777779,388,0.21555555555555556,21.555555555555557,968,0.5377777777777778,53.77777777777778,1706,0.9477777777777778,94.77777777777779,0.023625190786292983,0.023625190786292983,0.014083375116430529,0.00796841960627825,0.4280431772665017,0.4280431772665017,0.35025224954556533,0.19817386594821604,400.0,400.0,0.0,0.0,2.3625190786292984,42.80431772665017
scratch_cnn,Scratch CNN,ood,lighting_direction_intensity,Lighting,50,12,1800,3,4,124,0.06888888888888889,6.888888888888889,370,0.20555555555555555,20.555555555555554,887,0.49277777777777776,49.27777777777778,1641,0.9116666666666666,91.16666666666666,0.028920715724945895,0.028920715724945895,0.019520365638214462,0.01104468658878498,0.4177442450366086,0.4177442450366086,0.3498653390148507,0.19795495070713684,400.0,400.0,0.0,0.0,2.8920715724945896,41.77442450366086
scratch_cnn,Scratch CNN,ood,lighting_direction_intensity,Lighting,100,4,600,1,4,0,0.0,0.0,96,0.16,16.0,362,0.6033333333333334,60.333333333333336,439,0.7316666666666667,73.16666666666667,0.04433739072488,0.04433739072488,0.03661064945101085,0.03587843646199063,0.4630201352387667,0.4630201352387667,0.315035643051973,0.30873493019093357,400.0,400.0,0.0,0.0,4.433739072488,46.30201352387667
scratch_cnn,Scratch CNN,ood,lighting_direction_intensity,Lighting,200,4,600,1,4,178,0.2966666666666667,29.666666666666668,300,0.5,50.0,377,0.6283333333333333,62.83333333333333,600,1.0,100.0,0.012728257019383212,0.012728257019383212,0.010475330887878014,0.010265824270120454,0.41817673289527496,0.41817673289527496,0.4250122159080448,0.4165119715898839,400.0,400.0,0.0,0.0,1.2728257019383211,41.8176732895275
scratch_cnn,Scratch CNN,ood,spatial_distribution,Spatial distribution,5,12,1800,3,4,3,0.0016666666666666668,0.16666666666666669,30,0.016666666666666666,1.6666666666666667,92,0.051111111111111114,5.111111111111112,315,0.175,17.5,0.12959175009849586,0.12959175009849586,0.010340387785279553,0.005850625157929143,0.371408092883519,0.371408092883519,0.1162423002587563,0.06577027287870198,400.0,400.0,0.0,0.0,12.959175009849586,37.1408092883519
scratch_cnn,Scratch CNN,ood,spatial_distribution,Spatial distribution,20,12,1800,3,4,7,0.0038888888888888888,0.3888888888888889,41,0.02277777777777778,2.2777777777777777,169,0.09388888888888888,9.388888888888888,452,0.2511111111111111,25.11111111111111,0.11645428336522956,0.11645428336522956,0.021098266618175085,0.011937468113209124,0.3593826176203503,0.3593826176203503,0.12430104869356234,0.07032993904530538,399.7138888888889,399.7138888888889,0.671831257874505,0.38012431843217337,11.645428336522956,35.938261762035026
scratch_cnn,Scratch CNN,ood,spatial_distribution,Spatial distribution,50,12,1800,3,4,13,0.007222222222222222,0.7222222222222222,52,0.028888888888888888,2.888888888888889,228,0.12666666666666668,12.666666666666668,565,0.3138888888888889,31.38888888888889,0.10783048354367364,0.10783048354367364,0.031015036444144765,0.017548408847153973,0.27545358245726675,0.27545358245726675,0.1044631065912986,0.0591055666566534,400.0,400.0,0.0,0.0,10.783048354367363,27.545358245726675
scratch_cnn,Scratch CNN,ood,spatial_distribution,Spatial distribution,100,4,600,1,4,19,0.03166666666666667,3.166666666666667,60,0.1,10.0,144,0.24,24.0,229,0.38166666666666665,38.166666666666664,0.09634913327832086,0.09634913327832086,0.030094412656238738,0.02949252440311396,0.2420936304718877,0.2420936304718877,0.12144173489344096,0.11901290019557213,399.57166666666666,399.57166666666666,0.856666666666655,0.8395333333333219,9.634913327832086,24.20936304718877
scratch_cnn,Scratch CNN,ood,spatial_distribution,Spatial distribution,200,4,600,1,4,10,0.016666666666666666,1.6666666666666667,31,0.051666666666666666,5.166666666666667,138,0.23,23.0,279,0.465,46.5,0.08905588081106544,0.08905588081106544,0.03650904340267353,0.03577886253462006,0.21764211900144195,0.21764211900144195,0.046001478463952944,0.04508144889467389,400.0,400.0,0.0,0.0,8.905588081106544,21.764211900144197
