family,family_label,task,task_label,budget,metric_file_count,rollout_count,seed_count,train_config_count,success_at_0p5cm_count,success_at_0p5cm,success_at_0p5cm_pct,success_at_1cm_count,success_at_1cm,success_at_1cm_pct,success_at_2cm_count,success_at_2cm,success_at_2cm_pct,success_at_5cm_count,success_at_5cm,success_at_5cm_pct,nearest_distance_m,nearest_distance_m_file_mean,nearest_distance_m_file_std,nearest_distance_m_file_ci95,end_distance_m,end_distance_m_file_mean,end_distance_m_file_std,end_distance_m_file_ci95,mean_steps,mean_steps_file_mean,mean_steps_file_std,mean_steps_file_ci95,nearest_distance_cm,end_distance_cm
frozen_resnet18,Frozen ResNet-18,avoid_reach,Obstacle-aware reach,5,24,3600,3,8,1,0.0002777777777777778,0.027777777777777776,47,0.013055555555555556,1.3055555555555556,182,0.050555555555555555,5.055555555555555,1592,0.44222222222222224,44.22222222222222,0.08093777201060827,0.08093777201060827,0.04321237177645972,0.017288549366535996,0.20682448408928597,0.20682448408928597,0.09287700360256262,0.037158540385269195,400.0,400.0,0.0,0.0,8.093777201060828,20.682448408928597
frozen_resnet18,Frozen ResNet-18,avoid_reach,Obstacle-aware reach,20,24,3600,3,8,6,0.0016666666666666668,0.16666666666666669,10,0.002777777777777778,0.2777777777777778,204,0.056666666666666664,5.666666666666666,1999,0.5552777777777778,55.52777777777778,0.08358217496919679,0.08358217496919679,0.05651026264595397,0.022608813756497113,0.2267611956047929,0.2267611956047929,0.10955838808877283,0.0438324841503536,400.0,400.0,0.0,0.0,8.358217496919679,22.67611956047929
frozen_resnet18,Frozen ResNet-18,avoid_reach,Obstacle-aware reach,50,24,3600,3,8,47,0.013055555555555556,1.3055555555555556,157,0.043611111111111114,4.361111111111112,280,0.07777777777777778,7.777777777777778,2388,0.6633333333333333,66.33333333333333,0.061807355527934205,0.061807355527934205,0.02797055882662748,0.011190554167803792,0.18839917748649088,0.18839917748649085,0.0778087171302547,0.031129970236580522,400.0,400.0,0.0,0.0,6.18073555279342,18.83991774864909
frozen_resnet18,Frozen ResNet-18,avoid_reach,Obstacle-aware reach,100,8,1200,1,8,1,0.0008333333333333334,0.08333333333333334,5,0.004166666666666667,0.4166666666666667,19,0.015833333333333335,1.5833333333333335,874,0.7283333333333334,72.83333333333334,0.06386194378409224,0.06386194378409224,0.036930596725343004,0.025591597870200627,0.170855791393357,0.17085579139335702,0.055958497418673696,0.038777260329959,400.0,400.0,0.0,0.0,6.386194378409224,17.0855791393357
frozen_resnet18,Frozen ResNet-18,avoid_reach,Obstacle-aware reach,200,8,1200,1,8,3,0.0025,0.25,11,0.009166666666666667,0.9166666666666666,35,0.029166666666666667,2.9166666666666665,882,0.735,73.5,0.05810006226830107,0.05810006226830107,0.029001858015392297,0.020097262260299453,0.1955377999972552,0.1955377999972552,0.08238111901494191,0.057087202939257425,400.0,400.0,0.0,0.0,5.810006226830107,19.55377999972552
frozen_resnet18,Frozen ResNet-18,reach,Reach,5,24,3600,3,8,129,0.035833333333333335,3.5833333333333335,505,0.14027777777777778,14.027777777777779,1444,0.4011111111111111,40.11111111111111,2621,0.7280555555555556,72.80555555555556,0.049733262735567725,0.049733262735567725,0.04631337267947632,0.01852920811757175,0.30656741809643184,0.30656741809643184,0.043298884017029284,0.017323161471366384,400.0,400.0,0.0,0.0,4.973326273556773,30.656741809643183
frozen_resnet18,Frozen ResNet-18,reach,Reach,20,24,3600,3,8,21,0.005833333333333334,0.5833333333333334,337,0.09361111111111112,9.361111111111112,1502,0.4172222222222222,41.72222222222222,2663,0.7397222222222222,73.97222222222221,0.04157428798726566,0.04157428798726566,0.032348471191270656,0.012942083901696651,0.3009160871605693,0.3009160871605693,0.055626207562823375,0.02225511805966044,399.83944444444444,399.8394444444445,0.5439697230373428,0.21763321530421437,4.157428798726566,30.09160871605693
frozen_resnet18,Frozen ResNet-18,reach,Reach,50,24,3600,3,8,132,0.03666666666666667,3.6666666666666665,454,0.12611111111111112,12.611111111111112,1641,0.4558333333333333,45.58333333333333,2909,0.8080555555555555,80.80555555555556,0.03415447143638933,0.03415447143638933,0.025574098467704254,0.010231770340002866,0.2874403007777841,0.2874403007777841,0.07148489317657944,0.028599913724663816,399.91777777777776,399.91777777777776,0.40280497992434977,0.16115555555555752,3.415447143638933,28.744030077778408
frozen_resnet18,Frozen ResNet-18,reach,Reach,100,8,1200,1,8,6,0.005,0.5,304,0.25333333333333335,25.333333333333336,571,0.47583333333333333,47.583333333333336,1001,0.8341666666666666,83.41666666666666,0.031319766705467676,0.031319766705467676,0.024496872308794725,0.01697546643686151,0.2909898551382745,0.2909898551382745,0.07807478622658352,0.05410306656489712,400.0,400.0,0.0,0.0,3.1319766705467678,29.09898551382745
frozen_resnet18,Frozen ResNet-18,reach,Reach,200,8,1200,1,8,185,0.15416666666666667,15.416666666666668,319,0.2658333333333333,26.583333333333332,721,0.6008333333333333,60.083333333333336,1047,0.8725,87.25,0.026494110211594184,0.026494110211594184,0.022234633665578603,0.015407815037286743,0.2652797005100486,0.2652797005100486,0.07309895748230485,0.05065499316273678,400.0,400.0,0.0,0.0,2.6494110211594184,26.52797005100486
partial_resnet18,Partial ResNet-18,avoid_reach,Obstacle-aware reach,5,24,3600,3,8,0,0.0,0.0,2,0.0005555555555555556,0.05555555555555555,52,0.014444444444444444,1.4444444444444444,538,0.14944444444444444,14.944444444444443,0.12575057993979297,0.12575057993979297,0.050820947702221245,0.020332613718801507,0.34061150678226515,0.3406115067822652,0.1731364680784392,0.06926901376777451,400.0,400.0,0.0,0.0,12.575057993979296,34.06115067822652
partial_resnet18,Partial ResNet-18,avoid_reach,Obstacle-aware reach,20,24,3600,3,8,7,0.0019444444444444444,0.19444444444444445,21,0.005833333333333334,0.5833333333333334,135,0.0375,3.75,1085,0.3013888888888889,30.138888888888886,0.10796924645055292,0.10796924645055293,0.051434469190936596,0.020578073435753776,0.28739695913054875,0.2873969591305488,0.15598568185049813,0.06240727019325977,400.0,400.0,0.0,0.0,10.796924645055292,28.739695913054874
partial_resnet18,Partial ResNet-18,avoid_reach,Obstacle-aware reach,50,24,3600,3,8,86,0.02388888888888889,2.388888888888889,167,0.04638888888888889,4.638888888888889,428,0.11888888888888889,11.88888888888889,1932,0.5366666666666666,53.666666666666664,0.06540777426588142,0.06540777426588142,0.038866624457705445,0.015549888331140032,0.306408901356885,0.306408901356885,0.10663961834795693,0.042664733048546774,400.0,400.0,0.0,0.0,6.540777426588142,30.640890135688498
partial_resnet18,Partial ResNet-18,avoid_reach,Obstacle-aware reach,100,8,1200,1,8,1,0.0008333333333333334,0.08333333333333334,4,0.0033333333333333335,0.33333333333333337,91,0.07583333333333334,7.583333333333334,611,0.5091666666666667,50.916666666666664,0.07600025379933262,0.07600025379933262,0.052040831154815656,0.03606245611599121,0.3865951575369885,0.3865951575369885,0.21865022323565145,0.1515168744467239,400.0,400.0,0.0,0.0,7.600025379933262,38.65951575369885
partial_resnet18,Partial ResNet-18,avoid_reach,Obstacle-aware reach,200,8,1200,1,8,1,0.0008333333333333334,0.08333333333333334,9,0.0075,0.75,156,0.13,13.0,268,0.22333333333333333,22.333333333333332,0.12511574023597252,0.12511574023597252,0.11008097475135546,0.0762822236517824,0.4261071426514536,0.4261071426514536,0.3115757796658306,0.21591099972209052,400.0,400.0,0.0,0.0,12.511574023597252,42.61071426514536
partial_resnet18,Partial ResNet-18,reach,Reach,5,24,3600,3,8,6,0.0016666666666666668,0.16666666666666669,25,0.006944444444444444,0.6944444444444444,193,0.05361111111111111,5.361111111111111,1080,0.3,30.0,0.09057280477711982,0.09057280477711982,0.041196581310853464,0.01648206521524923,0.26874037364808223,0.26874037364808223,0.08836985977605097,0.03535530729846202,400.0,400.0,0.0,0.0,9.057280477711982,26.874037364808224
partial_resnet18,Partial ResNet-18,reach,Reach,20,24,3600,3,8,13,0.003611111111111111,0.3611111111111111,76,0.021111111111111112,2.111111111111111,236,0.06555555555555556,6.555555555555556,1293,0.3591666666666667,35.91666666666667,0.07726173363082732,0.07726173363082732,0.03371226811561138,0.013487716309340588,0.27113042609746724,0.27113042609746724,0.13027105301000289,0.052119275994495735,400.0,400.0,0.0,0.0,7.726173363082732,27.113042609746724
partial_resnet18,Partial ResNet-18,reach,Reach,50,24,3600,3,8,28,0.0077777777777777776,0.7777777777777778,167,0.04638888888888889,4.638888888888889,635,0.1763888888888889,17.63888888888889,1807,0.5019444444444444,50.19444444444444,0.059036617202881544,0.05903661720288154,0.03176689223523697,0.012709403859417552,0.22349236949707524,0.22349236949707527,0.10937520741427083,0.043759196617086375,399.93361111111113,399.9336111111111,0.22586798047859014,0.09036601256289142,5.903661720288154,22.349236949707525
partial_resnet18,Partial ResNet-18,reach,Reach,100,8,1200,1,8,56,0.04666666666666667,4.666666666666667,205,0.17083333333333334,17.083333333333332,444,0.37,37.0,865,0.7208333333333333,72.08333333333333,0.037518786215271875,0.037518786215271875,0.02506880927214487,0.017371798531953718,0.17414328008943508,0.17414328008943508,0.09895090140260845,0.06856947631857978,399.46,399.46,1.5273506473629404,1.0583999999999982,3.7518786215271875,17.414328008943507
partial_resnet18,Partial ResNet-18,reach,Reach,200,8,1200,1,8,300,0.25,25.0,447,0.3725,37.25,684,0.57,56.99999999999999,1070,0.8916666666666667,89.16666666666667,0.026144289075552177,0.026144289075552177,0.02496890323463487,0.017302567180081017,0.10320172947695634,0.10320172947695634,0.061354678657856626,0.04251662314976212,400.0,400.0,0.0,0.0,2.614428907555218,10.320172947695633
scratch_cnn,Scratch CNN,avoid_reach,Obstacle-aware reach,5,24,3600,3,8,3,0.0008333333333333334,0.08333333333333334,475,0.13194444444444445,13.194444444444445,1565,0.43472222222222223,43.47222222222222,2899,0.8052777777777778,80.52777777777777,0.04569893407855286,0.04569893407855286,0.046574586262932406,0.018633715316485795,0.5161302994574524,0.5161302994574524,0.07955966780340222,0.03183049640319957,400.0,400.0,0.0,0.0,4.569893407855286,51.61302994574524
scratch_cnn,Scratch CNN,avoid_reach,Obstacle-aware reach,20,24,3600,3,8,3,0.0008333333333333334,0.08333333333333334,318,0.08833333333333333,8.833333333333334,1656,0.46,46.0,2886,0.8016666666666666,80.16666666666666,0.044163144300756456,0.044163144300756456,0.042404721177697106,0.01696542182982378,0.7610531084477488,0.7610531084477489,0.2779853310538521,0.11121729545323082,400.0,400.0,0.0,0.0,4.416314430075645,76.10531084477488
scratch_cnn,Scratch CNN,avoid_reach,Obstacle-aware reach,50,24,3600,3,8,24,0.006666666666666667,0.6666666666666667,153,0.0425,4.25,1418,0.3938888888888889,39.38888888888889,2746,0.7627777777777778,76.27777777777777,0.05249668208448889,0.052496682084488884,0.0537108334838272,0.021488808830178435,0.7107234229920949,0.7107234229920949,0.2786106844373654,0.11146748891399082,400.0,400.0,0.0,0.0,5.249668208448889,71.0723422992095
scratch_cnn,Scratch CNN,avoid_reach,Obstacle-aware reach,100,8,1200,1,8,7,0.005833333333333334,0.5833333333333334,22,0.018333333333333333,1.8333333333333333,509,0.4241666666666667,42.41666666666667,926,0.7716666666666666,77.16666666666666,0.046634875942836516,0.046634875942836516,0.03853160979015432,0.026701043321199037,0.7115220522880554,0.7115220522880554,0.363577074536677,0.25194605859107405,400.0,400.0,0.0,0.0,4.663487594283652,71.15220522880554
scratch_cnn,Scratch CNN,avoid_reach,Obstacle-aware reach,200,8,1200,1,8,24,0.02,2.0,114,0.095,9.5,551,0.45916666666666667,45.916666666666664,1043,0.8691666666666666,86.91666666666666,0.0335822665275191,0.0335822665275191,0.03325460140569152,0.023044263076427762,0.6774262376719465,0.6774262376719465,0.3162453091243013,0.2191468185482248,400.0,400.0,0.0,0.0,3.3582266527519096,67.74262376719466
scratch_cnn,Scratch CNN,reach,Reach,5,24,3600,3,8,343,0.09527777777777778,9.527777777777779,1081,0.30027777777777775,30.027777777777775,2127,0.5908333333333333,59.08333333333333,2816,0.7822222222222223,78.22222222222223,0.04518874330155086,0.045188743301550864,0.054330405734982115,0.02173668935628422,0.27359406407353365,0.27359406407353365,0.07659806081199917,0.030645606831758772,400.0,400.0,0.0,0.0,4.518874330155086,27.359406407353365
scratch_cnn,Scratch CNN,reach,Reach,20,24,3600,3,8,343,0.09527777777777778,9.527777777777779,1563,0.43416666666666665,43.416666666666664,2518,0.6994444444444444,69.94444444444444,2872,0.7977777777777778,79.77777777777779,0.039585071828009355,0.039585071828009355,0.049521690508974925,0.019812802581346135,0.16612205126571805,0.16612205126571805,0.09420692759907938,0.03769062079933353,399.8569444444444,399.8569444444445,0.4870535653532882,0.19486200971141313,3.9585071828009353,16.612205126571805
scratch_cnn,Scratch CNN,reach,Reach,50,24,3600,3,8,1137,0.31583333333333335,31.583333333333336,2052,0.57,56.99999999999999,2518,0.6994444444444444,69.94444444444444,2907,0.8075,80.75,0.03620945318145257,0.03620945318145257,0.04660298571968065,0.018645077465560017,0.09764714880502853,0.09764714880502855,0.09310752760419418,0.03725076919425463,391.05583333333334,391.05583333333334,31.19098475056767,12.4789928782576,3.620945318145257,9.764714880502853
scratch_cnn,Scratch CNN,reach,Reach,100,8,1200,1,8,573,0.4775,47.75,734,0.6116666666666667,61.16666666666667,907,0.7558333333333334,75.58333333333334,941,0.7841666666666667,78.41666666666667,0.03525836678258201,0.03525836678258201,0.04756676561166087,0.032962086872654145,0.10774199433185762,0.10774199433185762,0.0805890506194933,0.055845362898781045,345.9066666666667,345.9066666666667,99.97430330157306,69.2786576527641,3.525836678258201,10.774199433185762
scratch_cnn,Scratch CNN,reach,Reach,200,8,1200,1,8,676,0.5633333333333334,56.333333333333336,929,0.7741666666666667,77.41666666666667,977,0.8141666666666667,81.41666666666667,1035,0.8625,86.25,0.026985247527530495,0.026985247527530495,0.04658982255444989,0.032285099873278884,0.06858387350652871,0.06858387350652871,0.07906412511944302,0.054788643440129015,382.22583333333336,382.22583333333336,50.27293511975957,34.83736666666666,2.6985247527530496,6.858387350652871
