family,family_label,split,budget,metric_file_count,rollout_count,seed_count,train_config_count,success_at_0p5cm_count,success_at_0p5cm,success_at_0p5cm_pct,success_at_1cm_count,success_at_1cm,success_at_1cm_pct,success_at_2cm_count,success_at_2cm,success_at_2cm_pct,success_at_5cm_count,success_at_5cm,success_at_5cm_pct,nearest_distance_m,nearest_distance_m_file_mean,nearest_distance_m_file_std,nearest_distance_m_file_ci95,end_distance_m,end_distance_m_file_mean,end_distance_m_file_std,end_distance_m_file_ci95,mean_steps,mean_steps_file_mean,mean_steps_file_std,mean_steps_file_ci95,nearest_distance_cm,end_distance_cm
frozen_resnet18,Frozen ResNet-18,id,5,48,7200,3,16,470,0.06527777777777778,6.527777777777779,1241,0.1723611111111111,17.23611111111111,2358,0.3275,32.75,4872,0.6766666666666666,67.66666666666666,0.0466525450744747,0.0466525450744747,0.03512971133760763,0.009938252665687592,0.23238283511960212,0.23238283511960212,0.09050518989272464,0.025604065916335156,399.9138888888889,399.91388888888883,0.4177273497053821,0.11817574892213294,4.66525450744747,23.238283511960212
frozen_resnet18,Frozen ResNet-18,id,20,48,7200,3,16,128,0.017777777777777778,1.7777777777777777,1547,0.2148611111111111,21.48611111111111,3198,0.44416666666666665,44.416666666666664,6138,0.8525,85.25,0.040746179639649605,0.040746179639649605,0.044253802591220054,0.012519472970965673,0.24345186706275046,0.24345186706275046,0.10620415786745399,0.030045329575577717,399.95916666666665,399.9591666666667,0.2829016319029137,0.08003333333333251,4.07461796396496,24.345186706275047
frozen_resnet18,Frozen ResNet-18,id,50,48,7200,3,16,255,0.035416666666666666,3.5416666666666665,1396,0.1938888888888889,19.38888888888889,3612,0.5016666666666667,50.16666666666667,6847,0.9509722222222222,95.09722222222223,0.02663254052126528,0.026632540521265277,0.016003544669888462,0.004527428903342669,0.2208919788449081,0.2208919788449081,0.09736870014930633,0.027545764168504523,399.92041666666665,399.92041666666665,0.5513695070760916,0.15598333333333303,2.663254052126528,22.08919788449081
frozen_resnet18,Frozen ResNet-18,id,100,16,2400,1,16,208,0.08666666666666667,8.666666666666668,1010,0.42083333333333334,42.083333333333336,1272,0.53,53.0,2249,0.9370833333333334,93.70833333333334,0.025575003821771438,0.025575003821771438,0.02183284721880495,0.010698095137214425,0.2118187453597299,0.2118187453597299,0.09630987038039734,0.047191836486394696,399.88208333333336,399.88208333333336,0.471666666666664,0.23111666666666536,2.557500382177144,21.181874535972987
frozen_resnet18,Frozen ResNet-18,id,200,16,2400,1,16,234,0.0975,9.75,1092,0.455,45.5,1248,0.52,52.0,2265,0.94375,94.375,0.023948709437172512,0.023948709437172512,0.017804423743476745,0.008724167634303606,0.21260138959344962,0.21260138959344962,0.09683554224306254,0.04744941569910064,399.76166666666666,399.76166666666666,0.6513643800174794,0.31916854620856494,2.394870943717251,21.260138959344964
frozen_resnet18,Frozen ResNet-18,ood,5,48,7200,3,16,130,0.018055555555555554,1.8055555555555554,552,0.07666666666666666,7.666666666666666,1626,0.22583333333333333,22.583333333333332,4213,0.5851388888888889,58.513888888888886,0.065335517373088,0.065335517373088,0.04703238376194231,0.013305538118537718,0.2566959510928589,0.2566959510928589,0.08762896285807997,0.024790376594510895,400.0,400.0,0.0,0.0,6.5335517373088,25.669595109285893
frozen_resnet18,Frozen ResNet-18,ood,20,48,7200,3,16,27,0.00375,0.375,347,0.04819444444444444,4.819444444444445,1706,0.23694444444444446,23.694444444444446,4662,0.6475,64.75,0.06257823147823122,0.06257823147823123,0.05025300211143635,0.014216656305346059,0.2638386413826811,0.2638386413826811,0.09376585015217588,0.0265265120248149,399.9197222222222,399.9197222222222,0.3890825927581356,0.1100721004362945,6.257823147823122,26.38386413826811
frozen_resnet18,Frozen ResNet-18,ood,50,48,7200,3,16,179,0.02486111111111111,2.486111111111111,611,0.08486111111111111,8.48611111111111,1921,0.2668055555555556,26.680555555555557,5297,0.7356944444444444,73.56944444444444,0.04798091348216177,0.04798091348216177,0.029969160557922477,0.008478324428596792,0.2379197391321375,0.2379197391321375,0.08926273873614615,0.025252574456579437,399.9588888888889,399.95888888888885,0.2848261328002189,0.08057777777777878,4.798091348216177,23.79197391321375
frozen_resnet18,Frozen ResNet-18,ood,100,16,2400,1,16,7,0.002916666666666667,0.2916666666666667,309,0.12875,12.875,590,0.24583333333333332,24.583333333333332,1875,0.78125,78.125,0.04759085524477996,0.04759085524477996,0.034625359923895274,0.016966426362708686,0.23092282326581579,0.23092282326581579,0.09030243733559967,0.04424819429444384,400.0,400.0,0.0,0.0,4.759085524477996,23.09228232658158
frozen_resnet18,Frozen ResNet-18,ood,200,16,2400,1,16,188,0.07833333333333334,7.833333333333334,330,0.1375,13.750000000000002,756,0.315,31.5,1929,0.80375,80.375,0.04229708623994763,0.04229708623994763,0.029826332593594327,0.01461490297086122,0.2304087502536519,0.2304087502536519,0.08341321847070457,0.040872477050645235,400.0,400.0,0.0,0.0,4.229708623994763,23.04087502536519
partial_resnet18,Partial ResNet-18,id,5,48,7200,3,16,45,0.00625,0.625,111,0.015416666666666667,1.5416666666666667,473,0.06569444444444444,6.569444444444445,1930,0.26805555555555555,26.805555555555554,0.08291810528499709,0.08291810528499709,0.04381570991130288,0.012395535836892384,0.2954771597153093,0.29547715971530936,0.1881595385827222,0.05323064052315192,400.0,400.0,0.0,0.0,8.291810528499708,29.54771597153093
partial_resnet18,Partial ResNet-18,id,20,48,7200,3,16,30,0.004166666666666667,0.4166666666666667,118,0.01638888888888889,1.638888888888889,487,0.06763888888888889,6.763888888888888,3038,0.42194444444444446,42.19444444444444,0.0708935235927331,0.07089352359273308,0.040508979131316035,0.0114600563029705,0.25971393892765465,0.25971393892765465,0.1771353989117581,0.05011189341991049,399.9530555555556,399.9530555555555,0.29278788207989004,0.08283016964179962,7.08935235927331,25.971393892765466
partial_resnet18,Partial ResNet-18,id,50,48,7200,3,16,66,0.009166666666666667,0.9166666666666666,389,0.05402777777777778,5.402777777777778,1288,0.17888888888888888,17.888888888888886,4390,0.6097222222222223,60.97222222222223,0.04571133492837867,0.04571133492837867,0.022611447765337404,0.006396815472501509,0.2603762807680889,0.2603762807680889,0.11500081364165889,0.0325339178493885,400.0,400.0,0.0,0.0,4.571133492837867,26.03762807680889
partial_resnet18,Partial ResNet-18,id,100,16,2400,1,16,39,0.01625,1.625,170,0.07083333333333333,7.083333333333333,990,0.4125,41.25,2025,0.84375,84.375,0.03251960546413708,0.03251960546413708,0.02235804984261018,0.010955444422878989,0.25597072273832355,0.25597072273832355,0.20581360403225185,0.1008486659758034,399.81666666666666,399.81666666666666,0.7333333333333343,0.3593333333333338,3.2519605464137085,25.597072273832357
partial_resnet18,Partial ResNet-18,id,200,16,2400,1,16,542,0.22583333333333333,22.583333333333332,846,0.3525,35.25,1315,0.5479166666666667,54.79166666666667,1606,0.6691666666666667,66.91666666666667,0.05650118466146523,0.05650118466146523,0.09099399287628712,0.04458705650938069,0.29683843137250127,0.29683843137250127,0.3144048795922348,0.15405839100019506,400.0,400.0,0.0,0.0,5.650118466146523,29.683843137250125
partial_resnet18,Partial ResNet-18,ood,5,48,7200,3,16,6,0.0008333333333333334,0.08333333333333334,27,0.00375,0.375,245,0.034027777777777775,3.4027777777777777,1618,0.2247222222222222,22.47222222222222,0.1081616923584564,0.1081616923584564,0.04909565830719275,0.013889241854452814,0.3046759402151737,0.3046759402151737,0.14074658813239332,0.03981743946742175,400.0,400.0,0.0,0.0,10.816169235845638,30.467594021517368
partial_resnet18,Partial ResNet-18,ood,20,48,7200,3,16,20,0.002777777777777778,0.2777777777777778,97,0.013472222222222222,1.3472222222222223,371,0.051527777777777777,5.152777777777778,2378,0.3302777777777778,33.02777777777778,0.09261549004069013,0.09261549004069013,0.04573324920627797,0.012938010832678804,0.279263692614008,0.279263692614008,0.14240510432229772,0.040286636404083115,400.0,400.0,0.0,0.0,9.261549004069012,27.9263692614008
partial_resnet18,Partial ResNet-18,ood,50,48,7200,3,16,114,0.015833333333333335,1.5833333333333335,334,0.04638888888888889,4.638888888888889,1063,0.14763888888888888,14.763888888888888,3739,0.5193055555555556,51.93055555555556,0.06222219573438148,0.06222219573438148,0.03526234454296871,0.009975774815928757,0.2649506354269801,0.2649506354269801,0.11478059844478293,0.03247161861082246,399.96680555555554,399.96680555555554,0.16152634596651178,0.04569606686924128,6.222219573438148,26.49506354269801
partial_resnet18,Partial ResNet-18,ood,100,16,2400,1,16,57,0.02375,2.375,209,0.08708333333333333,8.708333333333334,535,0.22291666666666668,22.291666666666668,1476,0.615,61.5,0.05675952000730225,0.05675952000730224,0.04418155461950377,0.021648961763556848,0.28036921881321175,0.28036921881321175,0.19727098249019182,0.096662781420194,399.73,399.73,1.0799999999999983,0.5291999999999991,5.675952000730225,28.036921881321174
partial_resnet18,Partial ResNet-18,ood,200,16,2400,1,16,301,0.12541666666666668,12.541666666666668,456,0.19,19.0,840,0.35,35.0,1338,0.5575,55.75,0.07563001465576236,0.07563001465576236,0.09250955355920157,0.04532968124400877,0.26465443606420497,0.26465443606420497,0.27361513906734336,0.13407141814299825,400.0,400.0,0.0,0.0,7.563001465576235,26.465443606420497
scratch_cnn,Scratch CNN,id,5,48,7200,3,16,311,0.043194444444444445,4.319444444444445,1396,0.1938888888888889,19.38888888888889,3946,0.5480555555555555,54.80555555555555,6079,0.8443055555555555,84.43055555555556,0.03183325540292976,0.03183325540292976,0.0292743829247486,0.008281770702362256,0.38701475763359566,0.38701475763359566,0.15108963205549145,0.042743503472109756,399.96166666666664,399.96166666666664,0.2655811238272242,0.0751333333333323,3.1833255402929757,38.70147576335957
scratch_cnn,Scratch CNN,id,20,48,7200,3,16,317,0.04402777777777778,4.402777777777778,1961,0.2723611111111111,27.23611111111111,4799,0.6665277777777778,66.65277777777779,6317,0.8773611111111111,87.73611111111111,0.026052630880739242,0.026052630880739242,0.02357657887305641,0.0066698526378754855,0.4701858829260891,0.47018588292608915,0.3988421435649687,0.112833093286187,399.9602777777778,399.9602777777778,0.2752036283137257,0.07785555555555672,2.605263088073924,47.01858829260891
scratch_cnn,Scratch CNN,id,50,48,7200,3,16,1861,0.2584722222222222,25.84722222222222,2836,0.3938888888888889,39.38888888888889,4629,0.6429166666666667,64.29166666666667,6269,0.8706944444444444,87.06944444444444,0.02681014140443747,0.02681014140443747,0.03681960997653547,0.010416327748390795,0.39517578305773593,0.3951757830577359,0.3986538304684939,0.11277981920388559,394.23569444444445,394.2356944444444,39.68839756354913,11.22791243833979,2.681014140443747,39.51757830577359
scratch_cnn,Scratch CNN,id,100,16,2400,1,16,737,0.3070833333333333,30.708333333333332,1068,0.445,44.5,1768,0.7366666666666667,73.66666666666667,2272,0.9466666666666667,94.66666666666667,0.01757037271655766,0.01757037271655766,0.015972003215223775,0.00782628157545965,0.4412005581492607,0.4412005581492607,0.43912749048181104,0.2151724703360874,399.46708333333333,399.46708333333333,1.7310762548195233,0.8482273648615664,1.757037271655766,44.12005581492607
scratch_cnn,Scratch CNN,id,200,16,2400,1,16,872,0.36333333333333334,36.333333333333336,1031,0.4295833333333333,42.95833333333333,1847,0.7695833333333333,76.95833333333333,2310,0.9625,96.25,0.01451125810721957,0.01451125810721957,0.01469643048346568,0.007201250936898183,0.3559768357312593,0.35597683573125927,0.39717232127721314,0.19461443742583442,365.1116666666667,365.1116666666667,94.32463304990908,46.21907019445545,1.4511258107219571,35.597683573125934
scratch_cnn,Scratch CNN,ood,5,48,7200,3,16,346,0.04805555555555555,4.805555555555555,1556,0.21611111111111111,21.61111111111111,3692,0.5127777777777778,51.27777777777778,5715,0.79375,79.375,0.04544383869005186,0.04544383869005186,0.05006076737369757,0.014162272784331329,0.394862181765493,0.394862181765493,0.14487096165111693,0.040984231466445836,400.0,400.0,0.0,0.0,4.544383869005186,39.4862181765493
scratch_cnn,Scratch CNN,ood,20,48,7200,3,16,346,0.04805555555555555,4.805555555555555,1881,0.26125,26.125,4174,0.5797222222222222,57.97222222222223,5758,0.7997222222222222,79.97222222222223,0.04187410806438291,0.04187410806438291,0.04566630672336428,0.01291907269501889,0.4635875798567334,0.46358757985673343,0.36404300984614896,0.1029883615683251,399.92847222222224,399.9284722222222,0.34829877553192345,0.0985342919877688,4.187410806438291,46.358757985673336
scratch_cnn,Scratch CNN,ood,50,48,7200,3,16,1161,0.16125,16.125,2205,0.30625,30.625000000000004,3936,0.5466666666666666,54.666666666666664,5653,0.7851388888888889,78.5138888888889,0.04435306763297073,0.04435306763297073,0.050421035771546274,0.014264193302005776,0.40418528589856173,0.40418528589856173,0.37174366296235006,0.10516688890161666,395.52791666666667,395.52791666666667,22.28259534124883,6.303782585071621,4.435306763297072,40.41852858985617
scratch_cnn,Scratch CNN,ood,100,16,2400,1,16,580,0.24166666666666667,24.166666666666668,756,0.315,31.5,1416,0.59,59.0,1867,0.7779166666666667,77.79166666666667,0.04094662136270927,0.04094662136270927,0.042228485527442426,0.020691957908446787,0.4096320233099565,0.4096320233099565,0.40240788784525217,0.19717986504417356,372.9533333333333,372.9533333333333,73.78725458545846,36.15575474687464,4.094662136270927,40.96320233099565
scratch_cnn,Scratch CNN,ood,200,16,2400,1,16,700,0.2916666666666667,29.166666666666668,1043,0.4345833333333333,43.45833333333333,1528,0.6366666666666667,63.66666666666667,2078,0.8658333333333333,86.58333333333333,0.030283757027524796,0.030283757027524796,0.039250854089128366,0.0192329185036729,0.3730050555892376,0.37300505558923763,0.3852784030263774,0.1887864174829249,391.11291666666665,391.11291666666665,35.54833333333333,17.418683333333334,3.02837570275248,37.30050555892376
