family,family_label,split,task,task_label,budget,metric_file_count,rollout_count,seed_count,train_config_count,success_at_0p5cm_count,success_at_0p5cm,success_at_0p5cm_pct,success_at_1cm_count,success_at_1cm,success_at_1cm_pct,success_at_2cm_count,success_at_2cm,success_at_2cm_pct,success_at_5cm_count,success_at_5cm,success_at_5cm_pct,nearest_distance_m,nearest_distance_m_file_mean,nearest_distance_m_file_std,nearest_distance_m_file_ci95,end_distance_m,end_distance_m_file_mean,end_distance_m_file_std,end_distance_m_file_ci95,mean_steps,mean_steps_file_mean,mean_steps_file_std,mean_steps_file_ci95,nearest_distance_cm,end_distance_cm
frozen_resnet18,Frozen ResNet-18,id,avoid_reach,Obstacle-aware reach,5,24,3600,3,8,14,0.0038888888888888888,0.3888888888888889,59,0.01638888888888889,1.638888888888889,127,0.035277777777777776,3.5277777777777777,1785,0.49583333333333335,49.583333333333336,0.06574160529378181,0.0657416052937818,0.029621070493437974,0.011850896362842516,0.1767640435209291,0.1767640435209291,0.07302262533247747,0.029215134718023762,400.0,400.0,0.0,0.0,6.574160529378181,17.67640435209291
frozen_resnet18,Frozen ResNet-18,id,avoid_reach,Obstacle-aware reach,20,24,3600,3,8,17,0.004722222222222222,0.4722222222222222,143,0.03972222222222222,3.9722222222222223,320,0.08888888888888889,8.88888888888889,2740,0.7611111111111111,76.11111111111111,0.06398496572937196,0.06398496572937196,0.051683768736290166,0.02067781402669371,0.1872565259401583,0.1872565259401583,0.11406197461933833,0.04563429402237186,400.0,400.0,0.0,0.0,6.398496572937196,18.72565259401583
frozen_resnet18,Frozen ResNet-18,id,avoid_reach,Obstacle-aware reach,50,24,3600,3,8,13,0.003611111111111111,0.3611111111111111,55,0.015277777777777777,1.5277777777777777,243,0.0675,6.75,3285,0.9125,91.25,0.04045968725371899,0.04045968725371899,0.009586913577969937,0.0038355642574504027,0.15203343845800393,0.15203343845800393,0.06025532793001348,0.024107151926392116,400.0,400.0,0.0,0.0,4.045968725371899,15.203343845800394
frozen_resnet18,Frozen ResNet-18,id,avoid_reach,Obstacle-aware reach,100,8,1200,1,8,6,0.005,0.5,49,0.04083333333333333,4.083333333333333,134,0.11166666666666666,11.166666666666666,1050,0.875,87.5,0.04195717102168904,0.04195717102168904,0.01969704521743281,0.013649355957733098,0.13733689748837302,0.13733689748837302,0.026615559623527088,0.018443641840973458,400.0,400.0,0.0,0.0,4.195717102168904,13.733689748837302
frozen_resnet18,Frozen ResNet-18,id,avoid_reach,Obstacle-aware reach,200,8,1200,1,8,8,0.006666666666666667,0.6666666666666667,31,0.025833333333333333,2.5833333333333335,65,0.05416666666666667,5.416666666666667,1066,0.8883333333333333,88.83333333333333,0.040192493600576806,0.040192493600576806,0.008364803195797039,0.00579651288177821,0.14957735288577775,0.14957735288577775,0.06299604239766993,0.043654030191961506,400.0,400.0,0.0,0.0,4.019249360057681,14.957735288577775
frozen_resnet18,Frozen ResNet-18,id,reach,Reach,5,24,3600,3,8,456,0.12666666666666668,12.666666666666668,1182,0.3283333333333333,32.83333333333333,2231,0.6197222222222222,61.972222222222214,3087,0.8575,85.75,0.027563484855167592,0.027563484855167592,0.02973165106005712,0.011895137803577692,0.28800162671827517,0.28800162671827517,0.07035849661493729,0.02814926124340253,399.8277777777778,399.8277777777778,0.5840411165019923,0.23366511162509335,2.7563484855167593,28.80016267182752
frozen_resnet18,Frozen ResNet-18,id,reach,Reach,20,24,3600,3,8,111,0.030833333333333334,3.0833333333333335,1404,0.39,39.0,2878,0.7994444444444444,79.94444444444444,3398,0.9438888888888889,94.38888888888889,0.017507393549927253,0.017507393549927253,0.014272051742074403,0.0057100099106114,0.29964720818534263,0.2996472081853426,0.05872378943977957,0.023494408915382868,399.91833333333335,399.91833333333335,0.4000833246545816,0.160066666666665,1.7507393549927253,29.964720818534264
frozen_resnet18,Frozen ResNet-18,id,reach,Reach,50,24,3600,3,8,242,0.06722222222222222,6.722222222222222,1341,0.3725,37.25,3369,0.9358333333333333,93.58333333333333,3562,0.9894444444444445,98.94444444444444,0.01280539378881157,0.01280539378881157,0.005696327705865656,0.0022790057268847613,0.2897505192318123,0.2897505192318123,0.07646910731130871,0.03059401468647668,399.8408333333333,399.84083333333336,0.779754234785977,0.31196666666666617,1.280539378881157,28.975051923181226
frozen_resnet18,Frozen ResNet-18,id,reach,Reach,100,8,1200,1,8,202,0.16833333333333333,16.833333333333332,961,0.8008333333333333,80.08333333333333,1138,0.9483333333333334,94.83333333333334,1199,0.9991666666666666,99.91666666666667,0.009192836621853833,0.009192836621853833,0.0044765531774719185,0.003102093085969928,0.28630059323108675,0.28630059323108675,0.08054672139688174,0.05581603024403708,399.76416666666665,399.76416666666665,0.6670373969193061,0.4622333333333307,0.9192836621853834,28.630059323108675
frozen_resnet18,Frozen ResNet-18,id,reach,Reach,200,8,1200,1,8,226,0.18833333333333332,18.833333333333332,1061,0.8841666666666667,88.41666666666667,1183,0.9858333333333333,98.58333333333333,1199,0.9991666666666666,99.91666666666667,0.007704925273768216,0.007704925273768216,0.0024901136483541286,0.0017255607217428505,0.27562542630112147,0.27562542630112147,0.08394288608619259,0.05816945230423833,399.5233333333333,399.5233333333333,0.8827949841990402,0.6117457133301201,0.7704925273768216,27.562542630112148
frozen_resnet18,Frozen ResNet-18,ood,avoid_reach,Obstacle-aware reach,5,24,3600,3,8,1,0.0002777777777777778,0.027777777777777776,47,0.013055555555555556,1.3055555555555556,182,0.050555555555555555,5.055555555555555,1592,0.44222222222222224,44.22222222222222,0.08093777201060827,0.08093777201060827,0.04321237177645972,0.017288549366535996,0.20682448408928597,0.20682448408928597,0.09287700360256262,0.037158540385269195,400.0,400.0,0.0,0.0,8.093777201060828,20.682448408928597
frozen_resnet18,Frozen ResNet-18,ood,avoid_reach,Obstacle-aware reach,20,24,3600,3,8,6,0.0016666666666666668,0.16666666666666669,10,0.002777777777777778,0.2777777777777778,204,0.056666666666666664,5.666666666666666,1999,0.5552777777777778,55.52777777777778,0.08358217496919679,0.08358217496919679,0.05651026264595397,0.022608813756497113,0.2267611956047929,0.2267611956047929,0.10955838808877283,0.0438324841503536,400.0,400.0,0.0,0.0,8.358217496919679,22.67611956047929
frozen_resnet18,Frozen ResNet-18,ood,avoid_reach,Obstacle-aware reach,50,24,3600,3,8,47,0.013055555555555556,1.3055555555555556,157,0.043611111111111114,4.361111111111112,280,0.07777777777777778,7.777777777777778,2388,0.6633333333333333,66.33333333333333,0.061807355527934205,0.061807355527934205,0.02797055882662748,0.011190554167803792,0.18839917748649088,0.18839917748649085,0.0778087171302547,0.031129970236580522,400.0,400.0,0.0,0.0,6.18073555279342,18.83991774864909
frozen_resnet18,Frozen ResNet-18,ood,avoid_reach,Obstacle-aware reach,100,8,1200,1,8,1,0.0008333333333333334,0.08333333333333334,5,0.004166666666666667,0.4166666666666667,19,0.015833333333333335,1.5833333333333335,874,0.7283333333333334,72.83333333333334,0.06386194378409224,0.06386194378409224,0.036930596725343004,0.025591597870200627,0.170855791393357,0.17085579139335702,0.055958497418673696,0.038777260329959,400.0,400.0,0.0,0.0,6.386194378409224,17.0855791393357
frozen_resnet18,Frozen ResNet-18,ood,avoid_reach,Obstacle-aware reach,200,8,1200,1,8,3,0.0025,0.25,11,0.009166666666666667,0.9166666666666666,35,0.029166666666666667,2.9166666666666665,882,0.735,73.5,0.05810006226830107,0.05810006226830107,0.029001858015392297,0.020097262260299453,0.1955377999972552,0.1955377999972552,0.08238111901494191,0.057087202939257425,400.0,400.0,0.0,0.0,5.810006226830107,19.55377999972552
frozen_resnet18,Frozen ResNet-18,ood,reach,Reach,5,24,3600,3,8,129,0.035833333333333335,3.5833333333333335,505,0.14027777777777778,14.027777777777779,1444,0.4011111111111111,40.11111111111111,2621,0.7280555555555556,72.80555555555556,0.049733262735567725,0.049733262735567725,0.04631337267947632,0.01852920811757175,0.30656741809643184,0.30656741809643184,0.043298884017029284,0.017323161471366384,400.0,400.0,0.0,0.0,4.973326273556773,30.656741809643183
frozen_resnet18,Frozen ResNet-18,ood,reach,Reach,20,24,3600,3,8,21,0.005833333333333334,0.5833333333333334,337,0.09361111111111112,9.361111111111112,1502,0.4172222222222222,41.72222222222222,2663,0.7397222222222222,73.97222222222221,0.04157428798726566,0.04157428798726566,0.032348471191270656,0.012942083901696651,0.3009160871605693,0.3009160871605693,0.055626207562823375,0.02225511805966044,399.83944444444444,399.8394444444445,0.5439697230373428,0.21763321530421437,4.157428798726566,30.09160871605693
frozen_resnet18,Frozen ResNet-18,ood,reach,Reach,50,24,3600,3,8,132,0.03666666666666667,3.6666666666666665,454,0.12611111111111112,12.611111111111112,1641,0.4558333333333333,45.58333333333333,2909,0.8080555555555555,80.80555555555556,0.03415447143638933,0.03415447143638933,0.025574098467704254,0.010231770340002866,0.2874403007777841,0.2874403007777841,0.07148489317657944,0.028599913724663816,399.91777777777776,399.91777777777776,0.40280497992434977,0.16115555555555752,3.415447143638933,28.744030077778408
frozen_resnet18,Frozen ResNet-18,ood,reach,Reach,100,8,1200,1,8,6,0.005,0.5,304,0.25333333333333335,25.333333333333336,571,0.47583333333333333,47.583333333333336,1001,0.8341666666666666,83.41666666666666,0.031319766705467676,0.031319766705467676,0.024496872308794725,0.01697546643686151,0.2909898551382745,0.2909898551382745,0.07807478622658352,0.05410306656489712,400.0,400.0,0.0,0.0,3.1319766705467678,29.09898551382745
frozen_resnet18,Frozen ResNet-18,ood,reach,Reach,200,8,1200,1,8,185,0.15416666666666667,15.416666666666668,319,0.2658333333333333,26.583333333333332,721,0.6008333333333333,60.083333333333336,1047,0.8725,87.25,0.026494110211594184,0.026494110211594184,0.022234633665578603,0.015407815037286743,0.2652797005100486,0.2652797005100486,0.07309895748230485,0.05065499316273678,400.0,400.0,0.0,0.0,2.6494110211594184,26.52797005100486
partial_resnet18,Partial ResNet-18,id,avoid_reach,Obstacle-aware reach,5,24,3600,3,8,1,0.0002777777777777778,0.027777777777777776,4,0.0011111111111111111,0.1111111111111111,30,0.008333333333333333,0.8333333333333334,669,0.18583333333333332,18.583333333333332,0.09743940380725286,0.09743940380725286,0.048529963880599034,0.019416029294717023,0.3347406417452213,0.3347406417452213,0.22842566628305389,0.09138930000296312,400.0,400.0,0.0,0.0,9.743940380725286,33.47406417452213
partial_resnet18,Partial ResNet-18,id,avoid_reach,Obstacle-aware reach,20,24,3600,3,8,5,0.001388888888888889,0.1388888888888889,38,0.010555555555555556,1.0555555555555556,209,0.058055555555555555,5.805555555555555,1625,0.4513888888888889,45.13888888888889,0.07924859114049468,0.07924859114049468,0.04717882112850445,0.018875459610376077,0.27725027040578426,0.27725027040578426,0.1745919149006115,0.06985131377124716,400.0,400.0,0.0,0.0,7.924859114049468,27.725027040578425
partial_resnet18,Partial ResNet-18,id,avoid_reach,Obstacle-aware reach,50,24,3600,3,8,27,0.0075,0.75,252,0.07,7.000000000000001,617,0.1713888888888889,17.13888888888889,2158,0.5994444444444444,59.94444444444444,0.046268580282921905,0.046268580282921905,0.022574667806500262,0.009031748148997472,0.31385735523110875,0.31385735523110875,0.10218729928510667,0.04088343443545866,400.0,400.0,0.0,0.0,4.62685802829219,31.385735523110874
partial_resnet18,Partial ResNet-18,id,avoid_reach,Obstacle-aware reach,100,8,1200,1,8,1,0.0008333333333333334,0.08333333333333334,21,0.0175,1.7500000000000002,280,0.23333333333333334,23.333333333333332,887,0.7391666666666666,73.91666666666666,0.04276071805312919,0.04276071805312919,0.026211768708224024,0.018163829012468984,0.3552752092170219,0.3552752092170219,0.22843897499858898,0.15830013334263032,400.0,400.0,0.0,0.0,4.276071805312919,35.52752092170219
partial_resnet18,Partial ResNet-18,id,avoid_reach,Obstacle-aware reach,200,8,1200,1,8,8,0.006666666666666667,0.6666666666666667,29,0.024166666666666666,2.4166666666666665,204,0.17,17.0,406,0.3383333333333333,33.83333333333333,0.10450720682235745,0.10450720682235745,0.11150379222633124,0.07726818585902956,0.5109274869288007,0.5109274869288007,0.3163432963817262,0.2192147202533359,400.0,400.0,0.0,0.0,10.450720682235746,51.09274869288007
partial_resnet18,Partial ResNet-18,id,reach,Reach,5,24,3600,3,8,44,0.012222222222222223,1.2222222222222223,107,0.029722222222222223,2.9722222222222223,443,0.12305555555555556,12.305555555555555,1261,0.3502777777777778,35.02777777777778,0.0683968067627413,0.0683968067627413,0.033583823138398174,0.013436327615821945,0.2562136776853974,0.2562136776853974,0.13019887759200457,0.05209039981330465,400.0,400.0,0.0,0.0,6.8396806762741305,25.621367768539738
partial_resnet18,Partial ResNet-18,id,reach,Reach,20,24,3600,3,8,25,0.006944444444444444,0.6944444444444444,80,0.022222222222222223,2.2222222222222223,278,0.07722222222222222,7.722222222222222,1413,0.3925,39.25,0.0625384560449715,0.0625384560449715,0.03133330441824223,0.012535932604064574,0.24217760744952507,0.24217760744952507,0.18164248010106893,0.0726721273373401,399.9061111111111,399.9061111111111,0.4130102368181487,0.16523850866258274,6.25384560449715,24.217760744952507
partial_resnet18,Partial ResNet-18,id,reach,Reach,50,24,3600,3,8,39,0.010833333333333334,1.0833333333333335,137,0.03805555555555556,3.805555555555556,671,0.18638888888888888,18.63888888888889,2232,0.62,62.0,0.04515408957383544,0.04515408957383544,0.023119708613337335,0.009249809887069265,0.20689520630506902,0.206895206305069,0.10302413494223413,0.041218238427351714,400.0,400.0,0.0,0.0,4.515408957383544,20.6895206305069
partial_resnet18,Partial ResNet-18,id,reach,Reach,100,8,1200,1,8,38,0.03166666666666667,3.166666666666667,149,0.12416666666666666,12.416666666666666,710,0.5916666666666667,59.166666666666664,1138,0.9483333333333334,94.83333333333334,0.02227849287514497,0.02227849287514497,0.012016369589670992,0.008326919293658166,0.15666623625962528,0.15666623625962528,0.1266693899350134,0.08777740889997475,399.6333333333333,399.6333333333333,1.037089945740271,0.7186666666666673,2.227849287514497,15.666623625962528
partial_resnet18,Partial ResNet-18,id,reach,Reach,200,8,1200,1,8,534,0.445,44.5,817,0.6808333333333333,68.08333333333333,1111,0.9258333333333333,92.58333333333333,1200,1.0,100.0,0.008495162500573012,0.00849516250057301,0.0064772206140753215,0.004488484887064874,0.08274937581620179,0.08274937581620179,0.08357962599282688,0.05791772590239205,400.0,400.0,0.0,0.0,0.8495162500573012,8.27493758162018
partial_resnet18,Partial ResNet-18,ood,avoid_reach,Obstacle-aware reach,5,24,3600,3,8,0,0.0,0.0,2,0.0005555555555555556,0.05555555555555555,52,0.014444444444444444,1.4444444444444444,538,0.14944444444444444,14.944444444444443,0.12575057993979297,0.12575057993979297,0.050820947702221245,0.020332613718801507,0.34061150678226515,0.3406115067822652,0.1731364680784392,0.06926901376777451,400.0,400.0,0.0,0.0,12.575057993979296,34.06115067822652
partial_resnet18,Partial ResNet-18,ood,avoid_reach,Obstacle-aware reach,20,24,3600,3,8,7,0.0019444444444444444,0.19444444444444445,21,0.005833333333333334,0.5833333333333334,135,0.0375,3.75,1085,0.3013888888888889,30.138888888888886,0.10796924645055292,0.10796924645055293,0.051434469190936596,0.020578073435753776,0.28739695913054875,0.2873969591305488,0.15598568185049813,0.06240727019325977,400.0,400.0,0.0,0.0,10.796924645055292,28.739695913054874
partial_resnet18,Partial ResNet-18,ood,avoid_reach,Obstacle-aware reach,50,24,3600,3,8,86,0.02388888888888889,2.388888888888889,167,0.04638888888888889,4.638888888888889,428,0.11888888888888889,11.88888888888889,1932,0.5366666666666666,53.666666666666664,0.06540777426588142,0.06540777426588142,0.038866624457705445,0.015549888331140032,0.306408901356885,0.306408901356885,0.10663961834795693,0.042664733048546774,400.0,400.0,0.0,0.0,6.540777426588142,30.640890135688498
partial_resnet18,Partial ResNet-18,ood,avoid_reach,Obstacle-aware reach,100,8,1200,1,8,1,0.0008333333333333334,0.08333333333333334,4,0.0033333333333333335,0.33333333333333337,91,0.07583333333333334,7.583333333333334,611,0.5091666666666667,50.916666666666664,0.07600025379933262,0.07600025379933262,0.052040831154815656,0.03606245611599121,0.3865951575369885,0.3865951575369885,0.21865022323565145,0.1515168744467239,400.0,400.0,0.0,0.0,7.600025379933262,38.65951575369885
partial_resnet18,Partial ResNet-18,ood,avoid_reach,Obstacle-aware reach,200,8,1200,1,8,1,0.0008333333333333334,0.08333333333333334,9,0.0075,0.75,156,0.13,13.0,268,0.22333333333333333,22.333333333333332,0.12511574023597252,0.12511574023597252,0.11008097475135546,0.0762822236517824,0.4261071426514536,0.4261071426514536,0.3115757796658306,0.21591099972209052,400.0,400.0,0.0,0.0,12.511574023597252,42.61071426514536
partial_resnet18,Partial ResNet-18,ood,reach,Reach,5,24,3600,3,8,6,0.0016666666666666668,0.16666666666666669,25,0.006944444444444444,0.6944444444444444,193,0.05361111111111111,5.361111111111111,1080,0.3,30.0,0.09057280477711982,0.09057280477711982,0.041196581310853464,0.01648206521524923,0.26874037364808223,0.26874037364808223,0.08836985977605097,0.03535530729846202,400.0,400.0,0.0,0.0,9.057280477711982,26.874037364808224
partial_resnet18,Partial ResNet-18,ood,reach,Reach,20,24,3600,3,8,13,0.003611111111111111,0.3611111111111111,76,0.021111111111111112,2.111111111111111,236,0.06555555555555556,6.555555555555556,1293,0.3591666666666667,35.91666666666667,0.07726173363082732,0.07726173363082732,0.03371226811561138,0.013487716309340588,0.27113042609746724,0.27113042609746724,0.13027105301000289,0.052119275994495735,400.0,400.0,0.0,0.0,7.726173363082732,27.113042609746724
partial_resnet18,Partial ResNet-18,ood,reach,Reach,50,24,3600,3,8,28,0.0077777777777777776,0.7777777777777778,167,0.04638888888888889,4.638888888888889,635,0.1763888888888889,17.63888888888889,1807,0.5019444444444444,50.19444444444444,0.059036617202881544,0.05903661720288154,0.03176689223523697,0.012709403859417552,0.22349236949707524,0.22349236949707527,0.10937520741427083,0.043759196617086375,399.93361111111113,399.9336111111111,0.22586798047859014,0.09036601256289142,5.903661720288154,22.349236949707525
partial_resnet18,Partial ResNet-18,ood,reach,Reach,100,8,1200,1,8,56,0.04666666666666667,4.666666666666667,205,0.17083333333333334,17.083333333333332,444,0.37,37.0,865,0.7208333333333333,72.08333333333333,0.037518786215271875,0.037518786215271875,0.02506880927214487,0.017371798531953718,0.17414328008943508,0.17414328008943508,0.09895090140260845,0.06856947631857978,399.46,399.46,1.5273506473629404,1.0583999999999982,3.7518786215271875,17.414328008943507
partial_resnet18,Partial ResNet-18,ood,reach,Reach,200,8,1200,1,8,300,0.25,25.0,447,0.3725,37.25,684,0.57,56.99999999999999,1070,0.8916666666666667,89.16666666666667,0.026144289075552177,0.026144289075552177,0.02496890323463487,0.017302567180081017,0.10320172947695634,0.10320172947695634,0.061354678657856626,0.04251662314976212,400.0,400.0,0.0,0.0,2.614428907555218,10.320172947695633
scratch_cnn,Scratch CNN,id,avoid_reach,Obstacle-aware reach,5,24,3600,3,8,6,0.0016666666666666668,0.16666666666666669,475,0.13194444444444445,13.194444444444445,1593,0.4425,44.25,3053,0.8480555555555556,84.80555555555556,0.03409549394795451,0.03409549394795451,0.027098845058918,0.010841796025471407,0.5087736351395304,0.5087736351395303,0.09615079220363966,0.03846832861300438,399.92333333333335,399.92333333333335,0.3755884272267489,0.15026666666666463,3.409549394795451,50.87736351395304
scratch_cnn,Scratch CNN,id,avoid_reach,Obstacle-aware reach,20,24,3600,3,8,0,0.0,0.0,305,0.08472222222222223,8.472222222222223,1881,0.5225,52.25,3127,0.8686111111111111,86.86111111111111,0.02956164370562571,0.02956164370562571,0.02120166065004332,0.008482430881067636,0.8026726858824905,0.8026726858824905,0.29545005735020885,0.1182046412140596,400.0,400.0,0.0,0.0,2.956164370562571,80.26726858824905
scratch_cnn,Scratch CNN,id,avoid_reach,Obstacle-aware reach,50,24,3600,3,8,6,0.0016666666666666668,0.16666666666666669,18,0.005,0.5,1515,0.42083333333333334,42.083333333333336,2958,0.8216666666666667,82.16666666666667,0.040352472669781286,0.04035247266978129,0.0452207674511039,0.018092074985269525,0.7293851264674838,0.7293851264674838,0.2965147975410188,0.11863062600949219,400.0,400.0,0.0,0.0,4.0352472669781285,72.93851264674838
scratch_cnn,Scratch CNN,id,avoid_reach,Obstacle-aware reach,100,8,1200,1,8,4,0.0033333333333333335,0.33333333333333337,18,0.015,1.5,656,0.5466666666666666,54.666666666666664,1123,0.9358333333333333,93.58333333333333,0.025568153522423625,0.025568153522423625,0.011541107896783276,0.007997579743096646,0.7896318937437414,0.7896318937437414,0.3646724393865907,0.25270510770605653,399.7875,399.7875,0.6010407640085614,0.4164999999999972,2.5568153522423627,78.96318937437414
scratch_cnn,Scratch CNN,id,avoid_reach,Obstacle-aware reach,200,8,1200,1,8,1,0.0008333333333333334,0.08333333333333334,3,0.0025,0.25,768,0.64,64.0,1178,0.9816666666666667,98.16666666666667,0.018960476670763456,0.018960476670763456,0.004942903291537749,0.003425257227471735,0.6689766815196102,0.6689766815196102,0.33227488516286774,0.2302547480263122,400.0,400.0,0.0,0.0,1.8960476670763455,66.89766815196101
scratch_cnn,Scratch CNN,id,reach,Reach,5,24,3600,3,8,305,0.08472222222222223,8.472222222222223,921,0.25583333333333336,25.583333333333336,2353,0.6536111111111111,65.36111111111111,3026,0.8405555555555555,84.05555555555554,0.029571016857905003,0.029571016857905003,0.03172083754718241,0.012690978146704755,0.26525588012766094,0.26525588012766094,0.08039966189768716,0.032166564033131305,400.0,400.0,0.0,0.0,2.9571016857905,26.525588012766093
scratch_cnn,Scratch CNN,id,reach,Reach,20,24,3600,3,8,317,0.08805555555555555,8.805555555555555,1656,0.46,46.0,2918,0.8105555555555556,81.05555555555556,3190,0.8861111111111111,88.61111111111111,0.022543618055852775,0.02254361805585278,0.025703507302716994,0.010283544656954439,0.13769907996968767,0.13769907996968767,0.08407085832971702,0.033635348507117864,399.92055555555555,399.9205555555556,0.38919670357555514,0.1557111111111134,2.2543618055852774,13.769907996968767
scratch_cnn,Scratch CNN,id,reach,Reach,50,24,3600,3,8,1855,0.5152777777777777,51.52777777777777,2818,0.7827777777777778,78.27777777777779,3114,0.865,86.5,3311,0.9197222222222222,91.97222222222223,0.013267810139093651,0.013267810139093651,0.01851095559037744,0.007405924655131597,0.060966439647988105,0.06096643964798811,0.061106865887037294,0.024447838063307775,388.4713888888889,388.4713888888889,56.120224930913245,22.452766170722942,1.3267810139093652,6.096643964798811
scratch_cnn,Scratch CNN,id,reach,Reach,100,8,1200,1,8,733,0.6108333333333333,61.083333333333336,1050,0.875,87.5,1112,0.9266666666666666,92.66666666666666,1149,0.9575,95.75,0.0095725919106917,0.0095725919106917,0.01634783137698164,0.011328469175870772,0.09276922255477985,0.09276922255477985,0.05226586858029572,0.03621839909577737,399.14666666666665,399.14666666666665,2.4135911464500777,1.67253333333333,0.9572591910691699,9.276922255477984
scratch_cnn,Scratch CNN,id,reach,Reach,200,8,1200,1,8,871,0.7258333333333333,72.58333333333333,1028,0.8566666666666667,85.66666666666667,1079,0.8991666666666667,89.91666666666667,1132,0.9433333333333334,94.33333333333334,0.010062039543675686,0.010062039543675686,0.019827906922404267,0.01374003849273639,0.042976989942908404,0.042976989942908404,0.060756118145142576,0.04210184187622133,330.22333333333336,330.22333333333336,127.60536999199387,88.4260099884141,1.0062039543675687,4.29769899429084
scratch_cnn,Scratch CNN,ood,avoid_reach,Obstacle-aware reach,5,24,3600,3,8,3,0.0008333333333333334,0.08333333333333334,475,0.13194444444444445,13.194444444444445,1565,0.43472222222222223,43.47222222222222,2899,0.8052777777777778,80.52777777777777,0.04569893407855286,0.04569893407855286,0.046574586262932406,0.018633715316485795,0.5161302994574524,0.5161302994574524,0.07955966780340222,0.03183049640319957,400.0,400.0,0.0,0.0,4.569893407855286,51.61302994574524
scratch_cnn,Scratch CNN,ood,avoid_reach,Obstacle-aware reach,20,24,3600,3,8,3,0.0008333333333333334,0.08333333333333334,318,0.08833333333333333,8.833333333333334,1656,0.46,46.0,2886,0.8016666666666666,80.16666666666666,0.044163144300756456,0.044163144300756456,0.042404721177697106,0.01696542182982378,0.7610531084477488,0.7610531084477489,0.2779853310538521,0.11121729545323082,400.0,400.0,0.0,0.0,4.416314430075645,76.10531084477488
scratch_cnn,Scratch CNN,ood,avoid_reach,Obstacle-aware reach,50,24,3600,3,8,24,0.006666666666666667,0.6666666666666667,153,0.0425,4.25,1418,0.3938888888888889,39.38888888888889,2746,0.7627777777777778,76.27777777777777,0.05249668208448889,0.052496682084488884,0.0537108334838272,0.021488808830178435,0.7107234229920949,0.7107234229920949,0.2786106844373654,0.11146748891399082,400.0,400.0,0.0,0.0,5.249668208448889,71.0723422992095
scratch_cnn,Scratch CNN,ood,avoid_reach,Obstacle-aware reach,100,8,1200,1,8,7,0.005833333333333334,0.5833333333333334,22,0.018333333333333333,1.8333333333333333,509,0.4241666666666667,42.41666666666667,926,0.7716666666666666,77.16666666666666,0.046634875942836516,0.046634875942836516,0.03853160979015432,0.026701043321199037,0.7115220522880554,0.7115220522880554,0.363577074536677,0.25194605859107405,400.0,400.0,0.0,0.0,4.663487594283652,71.15220522880554
scratch_cnn,Scratch CNN,ood,avoid_reach,Obstacle-aware reach,200,8,1200,1,8,24,0.02,2.0,114,0.095,9.5,551,0.45916666666666667,45.916666666666664,1043,0.8691666666666666,86.91666666666666,0.0335822665275191,0.0335822665275191,0.03325460140569152,0.023044263076427762,0.6774262376719465,0.6774262376719465,0.3162453091243013,0.2191468185482248,400.0,400.0,0.0,0.0,3.3582266527519096,67.74262376719466
scratch_cnn,Scratch CNN,ood,reach,Reach,5,24,3600,3,8,343,0.09527777777777778,9.527777777777779,1081,0.30027777777777775,30.027777777777775,2127,0.5908333333333333,59.08333333333333,2816,0.7822222222222223,78.22222222222223,0.04518874330155086,0.045188743301550864,0.054330405734982115,0.02173668935628422,0.27359406407353365,0.27359406407353365,0.07659806081199917,0.030645606831758772,400.0,400.0,0.0,0.0,4.518874330155086,27.359406407353365
scratch_cnn,Scratch CNN,ood,reach,Reach,20,24,3600,3,8,343,0.09527777777777778,9.527777777777779,1563,0.43416666666666665,43.416666666666664,2518,0.6994444444444444,69.94444444444444,2872,0.7977777777777778,79.77777777777779,0.039585071828009355,0.039585071828009355,0.049521690508974925,0.019812802581346135,0.16612205126571805,0.16612205126571805,0.09420692759907938,0.03769062079933353,399.8569444444444,399.8569444444445,0.4870535653532882,0.19486200971141313,3.9585071828009353,16.612205126571805
scratch_cnn,Scratch CNN,ood,reach,Reach,50,24,3600,3,8,1137,0.31583333333333335,31.583333333333336,2052,0.57,56.99999999999999,2518,0.6994444444444444,69.94444444444444,2907,0.8075,80.75,0.03620945318145257,0.03620945318145257,0.04660298571968065,0.018645077465560017,0.09764714880502853,0.09764714880502855,0.09310752760419418,0.03725076919425463,391.05583333333334,391.05583333333334,31.19098475056767,12.4789928782576,3.620945318145257,9.764714880502853
scratch_cnn,Scratch CNN,ood,reach,Reach,100,8,1200,1,8,573,0.4775,47.75,734,0.6116666666666667,61.16666666666667,907,0.7558333333333334,75.58333333333334,941,0.7841666666666667,78.41666666666667,0.03525836678258201,0.03525836678258201,0.04756676561166087,0.032962086872654145,0.10774199433185762,0.10774199433185762,0.0805890506194933,0.055845362898781045,345.9066666666667,345.9066666666667,99.97430330157306,69.2786576527641,3.525836678258201,10.774199433185762
scratch_cnn,Scratch CNN,ood,reach,Reach,200,8,1200,1,8,676,0.5633333333333334,56.333333333333336,929,0.7741666666666667,77.41666666666667,977,0.8141666666666667,81.41666666666667,1035,0.8625,86.25,0.026985247527530495,0.026985247527530495,0.04658982255444989,0.032285099873278884,0.06858387350652871,0.06858387350652871,0.07906412511944302,0.054788643440129015,382.22583333333336,382.22583333333336,50.27293511975957,34.83736666666666,2.6985247527530496,6.858387350652871
