budget,axis,task,train_config,variant,id_success_rate_at_1cm,ood_success_rate_at_1cm,id_minus_ood_success_rate_at_1cm,id_success_rate_at_2cm,ood_success_rate_at_2cm,id_minus_ood_success_rate_at_2cm,id_success_rate_at_5cm,ood_success_rate_at_5cm,id_minus_ood_success_rate_at_5cm,id_mean_best_distance,ood_mean_best_distance,id_minus_ood_mean_best_distance,id_mean_final_distance,ood_mean_final_distance,id_minus_ood_mean_final_distance
5,camera_location_viewpoint,avoid_reach,avoid_camera_fixed,fixed_train,0.3333333333333333,0.3333333333333333,0.0,1.0,1.0,0.0,1.0,1.0,0.0,0.012706443046530088,0.012674426066999636,3.201697953045257e-05,0.5375027457873026,0.5375642861260308,-6.154033872818321e-05
5,camera_location_viewpoint,avoid_reach,avoid_camera_multi_pose,diverse_train,0.0,0.0,0.0,0.6666666666666666,0.6666666666666666,0.0,1.0,1.0,0.0,0.02238813550728891,0.022410957842237417,-2.2822334948508632e-05,0.5591491341590881,0.5592134585645464,-6.432440545833806e-05
5,color,avoid_reach,avoid_color_multi,diverse_train,0.3333333333333333,0.3333333333333333,0.0,0.3333333333333333,0.3333333333333333,0.0,1.0,1.0,0.0,0.02203246996841497,0.02199962635835012,3.284361006484701e-05,0.5361928164958955,0.536241430176629,-4.861368073350025e-05
5,color,avoid_reach,avoid_color_red_only,fixed_train,0.0,0.0,0.0,0.3333333333333333,0.3333333333333333,0.0,1.0,1.0,0.0,0.025071161488691967,0.025034680983258617,3.648050543334988e-05,0.5395079255104065,0.5394923612806531,1.5564229753350922e-05
5,lighting_direction_intensity,avoid_reach,avoid_lighting_diverse,diverse_train,0.0,0.0,0.0,0.3333333333333333,0.3333333333333333,0.0,1.0,1.0,0.0,0.02146647325820393,0.020937670982546275,0.0005288022756576548,0.5541502708858913,0.5422701706488927,0.011880100236998592
5,lighting_direction_intensity,avoid_reach,avoid_lighting_fixed,fixed_train,0.3333333333333333,0.3333333333333333,0.0,0.6666666666666666,0.6666666666666666,0.0,1.0,1.0,0.0,0.016915653211375076,0.01666231120419171,0.00025334200718336516,0.5722631216049194,0.5695631498760647,0.002699971728854722
5,spatial_distribution,avoid_reach,avoid_spatial_narrow,narrow_train,0.022222222222222223,0.024444444444444446,-0.0022222222222222227,0.08666666666666667,0.06222222222222223,0.024444444444444442,0.41111111111111115,0.19333333333333336,0.2177777777777778,0.06974232405152482,0.12801560030422277,-0.058273276252697945,0.48747524282830357,0.5132979584485292,-0.025822715620225645
5,spatial_distribution,avoid_reach,avoid_spatial_wide,wide_train,0.03333333333333333,0.031111111111111114,0.002222222222222219,0.12,0.08222222222222221,0.037777777777777785,0.37333333333333335,0.2488888888888889,0.12444444444444444,0.08244129105160634,0.11785619888661636,-0.035414907835010015,0.2839478238444361,0.33139958053827284,-0.04745175669383672
5,camera_location_viewpoint,reach,camera_fixed,fixed_train,0.3333333333333333,0.3333333333333333,0.0,0.6666666666666666,0.6666666666666666,0.0,1.0,1.0,0.0,0.014643861912190914,0.01472162239977883,-7.776048758791586e-05,0.2882818579673767,0.28735029227203795,0.0009315656953387541
5,camera_location_viewpoint,reach,camera_multi_pose,diverse_train,0.6666666666666666,0.6666666666666666,0.0,0.6666666666666666,0.6666666666666666,0.0,1.0,1.0,0.0,0.015492647455798253,0.015374028511966268,0.00011861894383198568,0.28208794173267154,0.2820914704932107,-3.528760539162068e-06
5,color,reach,color_multi,diverse_train,0.6666666666666666,0.6666666666666666,0.0,1.0,1.0,0.0,1.0,1.0,0.0,0.010474416949889728,0.010481012475987275,-6.595526097547336e-06,0.2787730271948708,0.27792785561747024,0.0008451715774005497
5,color,reach,color_red_only,fixed_train,0.3333333333333333,0.3333333333333333,0.0,1.0,1.0,0.0,1.0,1.0,0.0,0.009121479000896215,0.00908596526986609,3.551373103012623e-05,0.28985340396563214,0.29386053588655264,-0.004007131920920504
5,lighting_direction_intensity,reach,lighting_diverse,diverse_train,0.0,0.39111111111111113,-0.39111111111111113,0.6666666666666666,0.8622222222222223,-0.1955555555555557,1.0,1.0,0.0,0.017607405618247057,0.011492649585836463,0.006114756032410594,0.24883143699003588,0.23991073512368732,0.008920701866348552
5,lighting_direction_intensity,reach,lighting_fixed,fixed_train,0.0,0.0,0.0,1.0,0.4711111111111111,0.528888888888889,1.0,1.0,0.0,0.016426455850402515,0.027859466965827678,-0.011433011115425162,0.1819058128943046,0.16667679064803653,0.01522902224626807
5,spatial_distribution,reach,spatial_narrow,narrow_train,0.04222222222222222,0.008888888888888889,0.033333333333333326,0.18444444444444444,0.03777777777777778,0.14666666666666667,0.5533333333333333,0.11111111111111112,0.44222222222222224,0.04885123003429423,0.13652559077884588,-0.08767436074455165,0.22545777804321712,0.2858193952590227,-0.0603616172158056
5,spatial_distribution,reach,spatial_wide,wide_train,0.0044444444444444444,0.0022222222222222222,0.0022222222222222222,0.044444444444444446,0.022222222222222223,0.022222222222222223,0.1711111111111111,0.14666666666666667,0.024444444444444435,0.10395063804152112,0.13596961042429836,-0.03201897238277725,0.3268557822331786,0.3551154372882512,-0.028259655055072552
20,camera_location_viewpoint,avoid_reach,avoid_camera_fixed,fixed_train,0.3333333333333333,0.3333333333333333,0.0,0.6666666666666666,0.6622222222222223,0.004444444444444362,1.0,1.0,0.0,0.017184291190157335,0.016588663627497023,0.0005956275626603121,1.0079928636550903,1.0115277564525604,-0.0035348927974701017
20,camera_location_viewpoint,avoid_reach,avoid_camera_multi_pose,diverse_train,0.3333333333333333,0.3333333333333333,0.0,0.6666666666666666,0.6666666666666666,0.0,1.0,1.0,0.0,0.016003763870232637,0.01600372447632253,3.9393910106211294e-08,1.0884041062990824,1.0884088860617744,-4.7797626920864644e-06
20,color,avoid_reach,avoid_color_multi,diverse_train,0.0,0.0,0.0,0.6666666666666666,0.6666666666666666,0.0,1.0,1.0,0.0,0.0188645983984073,0.018838130241880812,2.646815652648793e-05,0.8687561841805777,0.8684388183222876,0.0003173658582900085
20,color,avoid_reach,avoid_color_red_only,fixed_train,0.0,0.0,0.0,1.0,0.7533333333333333,0.2466666666666667,1.0,1.0,0.0,0.014711497661968073,0.018252099230885506,-0.003540601568917433,0.9647542238235474,0.7592034995555877,0.20555072426795962
20,lighting_direction_intensity,avoid_reach,avoid_lighting_diverse,diverse_train,0.0,0.0,0.0,0.3333333333333333,0.3333333333333333,0.0,1.0,1.0,0.0,0.020701661590072844,0.020659585448188914,4.207614188393022e-05,0.8626363530423906,0.8263397188981374,0.036296634144253215
20,lighting_direction_intensity,avoid_reach,avoid_lighting_fixed,fixed_train,0.0,0.0,0.0,0.6666666666666666,0.4266666666666667,0.23999999999999994,1.0,0.8533333333333334,0.1466666666666666,0.02158987397948901,0.03954703689449363,-0.017957162915004623,0.8150175015131632,0.6398681410815982,0.17514936043156504
20,spatial_distribution,avoid_reach,avoid_spatial_narrow,narrow_train,0.0,0.017777777777777778,-0.017777777777777778,0.03333333333333333,0.044444444444444446,-0.011111111111111113,0.46222222222222226,0.19999999999999998,0.26222222222222225,0.061584960458179315,0.13069844408064255,-0.06911348362246322,0.3237976338466008,0.3650379959742229,-0.041240362127622054
20,spatial_distribution,avoid_reach,avoid_spatial_wide,wide_train,0.011111111111111112,0.022222222222222223,-0.011111111111111112,0.14666666666666667,0.12666666666666668,0.01999999999999999,0.48666666666666664,0.36000000000000004,0.1266666666666666,0.06585250249649915,0.09271747040614071,-0.02686496790964156,0.49002262069947183,0.5296000512358215,-0.03957743053634971
20,camera_location_viewpoint,reach,camera_fixed,fixed_train,0.6666666666666666,0.8088888888888889,-0.14222222222222225,1.0,1.0,0.0,1.0,1.0,0.0,0.008040764834731817,0.007690376348586546,0.00035038848614527083,0.024909262855847675,0.06199102584272623,-0.037081762986878555
20,camera_location_viewpoint,reach,camera_multi_pose,diverse_train,0.688888888888889,0.7511111111111112,-0.06222222222222218,1.0,1.0,0.0,1.0,1.0,0.0,0.009111653248675996,0.009035595709251033,7.60575394249622e-05,0.1374965661805537,0.13744247033364243,5.409584691126734e-05
20,color,reach,color_multi,diverse_train,0.5977777777777779,0.6666666666666666,-0.06888888888888878,0.9044444444444445,1.0,-0.0955555555555555,1.0,1.0,0.0,0.011112298101393714,0.010957166483211848,0.00015513161818186613,0.2188079038924641,0.2186436988910039,0.00016420500146019368
20,color,reach,color_red_only,fixed_train,0.6666666666666666,0.3333333333333333,0.3333333333333333,1.0,1.0,0.0,1.0,1.0,0.0,0.008247703469047943,0.012302076306401026,-0.004054372837353083,0.07379141201575597,0.12204194270074369,-0.04825053068498772
20,lighting_direction_intensity,reach,lighting_diverse,diverse_train,0.62,0.4711111111111111,0.1488888888888889,1.0,0.8044444444444444,0.1955555555555556,1.0,1.0,0.0,0.01027470915267865,0.012532912743174368,-0.0022582035904957186,0.09046705743918816,0.08464052817059887,0.005826529268589287
20,lighting_direction_intensity,reach,lighting_fixed,fixed_train,0.3333333333333333,0.39111111111111113,-0.05777777777777782,1.0,0.5866666666666667,0.41333333333333333,1.0,0.9377777777777778,0.06222222222222218,0.010770913368711868,0.02176122805931502,-0.01099031469060315,0.19954334696133932,0.16132432091567253,0.03821902604566679
20,spatial_distribution,reach,spatial_narrow,narrow_train,0.044444444444444446,0.013333333333333334,0.03111111111111111,0.34,0.07333333333333333,0.2666666666666667,0.6244444444444445,0.14666666666666667,0.4777777777777778,0.04487996587879025,0.13334453339378038,-0.08846456751499013,0.1392885985043055,0.2694148187732531,-0.13012622026894757
20,spatial_distribution,reach,spatial_wide,wide_train,0.06222222222222223,0.03777777777777778,0.02444444444444445,0.24,0.1311111111111111,0.1088888888888889,0.46444444444444444,0.29777777777777775,0.16666666666666669,0.077910936392792,0.1090566855803546,-0.031145749187562605,0.21728849190804692,0.2734776044981037,-0.056189112590056794
50,camera_location_viewpoint,avoid_reach,avoid_camera_fixed,fixed_train,0.0,0.31777777777777777,-0.31777777777777777,1.0,0.6022222222222223,0.3977777777777777,1.0,0.9933333333333333,0.00666666666666671,0.016983421829839546,0.020126163268772264,-0.0031427414389327175,0.8760658502578735,0.8589353941546546,0.01713045610321895
50,camera_location_viewpoint,avoid_reach,avoid_camera_multi_pose,diverse_train,0.0,0.0,0.0,0.3333333333333333,0.3333333333333333,0.0,0.6666666666666666,0.6666666666666666,0.0,0.08528212074190378,0.08528800978842709,-5.889046523308017e-06,0.8715126399199168,0.8715219622188144,-9.322298897607162e-06
50,color,avoid_reach,avoid_color_multi,diverse_train,0.0,0.0,0.0,0.6666666666666666,0.6666666666666666,0.0,1.0,1.0,0.0,0.01730239705286092,0.017004131401578585,0.00029826565128233604,0.9686204722192553,0.9509110539489322,0.01770941827032313
50,color,avoid_reach,avoid_color_red_only,fixed_train,0.0,0.0,0.0,0.6666666666666666,0.6666666666666666,0.0,1.0,1.0,0.0,0.0181140440205733,0.01729650461425384,0.0008175394063194598,0.8727632164955139,0.8688250054253471,0.003938211070166786
50,lighting_direction_intensity,avoid_reach,avoid_lighting_diverse,diverse_train,0.0,0.0,0.0,0.12666666666666668,0.31777777777777777,-0.1911111111111111,1.0,1.0,0.0,0.020622159884207777,0.02072404507961538,-0.00010188519540760277,0.8494519845644634,0.830135914352205,0.01931607021225834
50,lighting_direction_intensity,avoid_reach,avoid_lighting_fixed,fixed_train,0.0,0.0,0.0,0.3333333333333333,0.43555555555555553,-0.10222222222222221,1.0,0.9311111111111111,0.06888888888888889,0.020061619579792023,0.03447598081909948,-0.014414361239307456,0.7606944044431051,0.6395785791344113,0.1211158253086938
50,spatial_distribution,avoid_reach,avoid_spatial_narrow,narrow_train,0.022222222222222223,0.006666666666666667,0.015555555555555555,0.05777777777777778,0.02666666666666667,0.031111111111111114,0.44222222222222224,0.18666666666666668,0.25555555555555554,0.07953613612490396,0.128993385978457,-0.04945724985355304,0.35139844756159516,0.33153670678329134,0.019861740778303827
50,spatial_distribution,avoid_reach,avoid_spatial_wide,wide_train,0.017777777777777778,0.015555555555555557,0.002222222222222221,0.1822222222222222,0.10222222222222221,0.07999999999999999,0.46444444444444444,0.3244444444444445,0.13999999999999996,0.064917882124169,0.09606523572570747,-0.03114735360153846,0.2845739962781469,0.33434276791910333,-0.049768771640956444
50,camera_location_viewpoint,reach,camera_fixed,fixed_train,1.0,1.0,0.0,1.0,1.0,0.0,1.0,1.0,0.0,0.004066273725281159,0.0037812841884765983,0.0002849895368045611,0.025055749341845512,0.020944275796969627,0.004111473544875885
50,camera_location_viewpoint,reach,camera_multi_pose,diverse_train,1.0,1.0,0.0,1.0,1.0,0.0,1.0,1.0,0.0,0.00527160129406386,0.005208286184093191,6.331510997066928e-05,0.02176578328427341,0.021763067291014723,2.7159932586874602e-06
50,color,reach,color_multi,diverse_train,1.0,1.0,0.0,1.0,1.0,0.0,1.0,1.0,0.0,0.003337845698568142,0.0036264683694268267,-0.0002886226708586847,0.05496768975837363,0.055253959985242955,-0.00028627022686932707
50,color,reach,color_red_only,fixed_train,1.0,0.6444444444444445,0.3555555555555555,1.0,1.0,0.0,1.0,1.0,0.0,0.0037275206802102425,0.010313437238025169,-0.006585916557814927,0.01133980262481297,0.04601854558051047,-0.0346787429556975
50,lighting_direction_intensity,reach,lighting_diverse,diverse_train,1.0,0.3511111111111111,0.6488888888888888,1.0,0.6088888888888889,0.3911111111111111,1.0,0.8044444444444444,0.1955555555555556,0.005044041729221741,0.03990132594688071,-0.03485728421765896,0.0680837370455265,0.0975738192266888,-0.029490082181162294
50,lighting_direction_intensity,reach,lighting_fixed,fixed_train,1.0,0.4711111111111111,0.528888888888889,1.0,0.6088888888888889,0.3911111111111111,1.0,0.9111111111111111,0.0888888888888889,0.0038838571636006236,0.020581511054188015,-0.016697653890587392,0.06420695719619592,0.10368866743312942,-0.039481710236933504
50,spatial_distribution,reach,spatial_narrow,narrow_train,0.19111111111111112,0.044444444444444446,0.14666666666666667,0.6333333333333333,0.11777777777777777,0.5155555555555555,0.7844444444444445,0.20444444444444443,0.5800000000000001,0.02860209616340904,0.13552728175340842,-0.10692518558999937,0.10459311105543749,0.27570369764127667,-0.17111058658583916
50,spatial_distribution,reach,spatial_wide,wide_train,0.07111111111111111,0.04888888888888889,0.02222222222222222,0.2866666666666667,0.26,0.026666666666666672,0.5733333333333334,0.54,0.033333333333333326,0.0522092446583944,0.07073603071712165,-0.018526786058727242,0.1377186868774394,0.16023115748539565,-0.022512470607956248
