metrics_path,split,train_config,task,axis,variant,budget,seed,eval_config,rollout_count,success_rate_at_0p5cm,success_rate_at_1cm,success_rate_at_2cm,success_rate_at_5cm,mean_best_distance,mean_final_distance,mean_steps,mean_success_steps
results/bc_128px_v1/metrics/id/metrics__scratch_bc_128__avoid_spatial_wide__budget050__seed002__eval_avoid_spatial_wide.json,id,avoid_spatial_wide,avoid_reach,spatial_distribution,wide_train,50,2,avoid_spatial_wide,150,0.0,0.006666666666666667,0.23333333333333334,0.54,0.06557761748010914,0.3537874876956145,400.0,145.58024691358025
results/bc_128px_v1/metrics/id/metrics__scratch_bc_128__camera_multi_pose__budget005__seed000__eval_camera_multi_pose.json,id,camera_multi_pose,reach,camera_location_viewpoint,diverse_train,5,0,camera_multi_pose,150,0.0,1.0,1.0,1.0,0.008983899814387162,0.27034037093321484,400.0,79.0
results/bc_128px_v1/metrics/id/metrics__scratch_bc_128__camera_fixed__budget020__seed001__eval_camera_fixed.json,id,camera_fixed,reach,camera_location_viewpoint,fixed_train,20,1,camera_fixed,150,0.0,1.0,1.0,1.0,0.006896995473653078,0.02169713005423546,400.0,78.0
results/bc_128px_v1/metrics/id/metrics__scratch_bc_128__avoid_camera_multi_pose__budget050__seed002__eval_avoid_camera_multi_pose.json,id,avoid_camera_multi_pose,avoid_reach,camera_location_viewpoint,diverse_train,50,2,avoid_camera_multi_pose,150,0.0,0.0,0.0,1.0,0.025246837412317594,1.1973647753397623,400.0,166.0
results/bc_128px_v1/metrics/id/metrics__scratch_bc_128__avoid_lighting_fixed__budget005__seed000__eval_avoid_lighting_fixed.json,id,avoid_lighting_fixed,avoid_reach,lighting_direction_intensity,fixed_train,5,0,avoid_lighting_fixed,150,0.0,1.0,1.0,1.0,0.008788717910647392,0.6014371514320374,400.0,142.0
results/bc_128px_v1/metrics/id/metrics__scratch_bc_128__lighting_fixed__budget050__seed000__eval_lighting_fixed.json,id,lighting_fixed,reach,lighting_direction_intensity,fixed_train,50,0,lighting_fixed,150,1.0,1.0,1.0,1.0,0.0012199819320812821,0.03676559403538704,400.0,79.0
results/bc_128px_v1/metrics/id/metrics__scratch_bc_128__avoid_lighting_fixed__budget050__seed000__eval_avoid_lighting_fixed.json,id,avoid_lighting_fixed,avoid_reach,lighting_direction_intensity,fixed_train,50,0,avoid_lighting_fixed,150,0.0,0.0,0.0,1.0,0.02050137333571911,1.019129991531372,400.0,148.0
results/bc_128px_v1/metrics/id/metrics__scratch_bc_128__spatial_wide__budget005__seed000__eval_spatial_wide.json,id,spatial_wide,reach,spatial_distribution,wide_train,5,0,spatial_wide,150,0.006666666666666667,0.013333333333333334,0.06,0.16,0.10772376214154064,0.17353718808541696,400.0,131.70833333333334
results/bc_128px_v1/metrics/id/metrics__scratch_bc_128__spatial_narrow__budget050__seed001__eval_spatial_narrow.json,id,spatial_narrow,reach,spatial_distribution,narrow_train,50,1,spatial_narrow,150,0.006666666666666667,0.09333333333333334,0.5333333333333333,0.7533333333333333,0.03249832324140395,0.07851348917388047,398.31333333333333,127.17699115044248
results/bc_128px_v1/metrics/id/metrics__scratch_bc_128__avoid_color_red_only__budget050__seed001__eval_avoid_color_red_only.json,id,avoid_color_red_only,avoid_reach,color,fixed_train,50,1,avoid_color_red_only,150,0.0,0.0,1.0,1.0,0.0156676284968853,0.6562272310256958,400.0,149.0
results/bc_128px_v1/metrics/id/metrics__scratch_bc_128__color_red_only__budget050__seed000__eval_color_red_only.json,id,color_red_only,reach,color,fixed_train,50,0,color_red_only,150,1.0,1.0,1.0,1.0,0.0009739762754179537,0.0009739762754179537,125.0,79.0
results/bc_128px_v1/metrics/id/metrics__scratch_bc_128__avoid_lighting_diverse__budget020__seed002__eval_avoid_lighting_diverse.json,id,avoid_lighting_diverse,avoid_reach,lighting_direction_intensity,diverse_train,20,2,avoid_lighting_diverse,150,0.0,0.0,1.0,1.0,0.014743647066255411,0.5616913906733195,400.0,142.0
results/bc_128px_v1/metrics/id/metrics__scratch_bc_128__camera_multi_pose__budget020__seed001__eval_camera_multi_pose.json,id,camera_multi_pose,reach,camera_location_viewpoint,diverse_train,20,1,camera_multi_pose,150,0.0,1.0,1.0,1.0,0.009698718897998332,0.21648160606622696,400.0,78.0
results/bc_128px_v1/metrics/id/metrics__scratch_bc_128__avoid_color_red_only__budget005__seed001__eval_avoid_color_red_only.json,id,avoid_color_red_only,avoid_reach,color,fixed_train,5,1,avoid_color_red_only,150,0.0,0.0,1.0,1.0,0.019668705761432648,0.5130672454833984,400.0,150.0
results/bc_128px_v1/metrics/id/metrics__scratch_bc_128__camera_fixed__budget050__seed000__eval_camera_fixed.json,id,camera_fixed,reach,camera_location_viewpoint,fixed_train,50,0,camera_fixed,150,1.0,1.0,1.0,1.0,0.0012446660548448563,0.02286805957555771,400.0,79.0
results/bc_128px_v1/metrics/id/metrics__scratch_bc_128__lighting_diverse__budget020__seed002__eval_lighting_diverse.json,id,lighting_diverse,reach,lighting_direction_intensity,diverse_train,20,2,lighting_diverse,150,0.0,0.0,1.0,1.0,0.012311485192428032,0.07244539498041073,400.0,77.68666666666667
results/bc_128px_v1/metrics/id/metrics__scratch_bc_128__avoid_camera_fixed__budget005__seed001__eval_avoid_camera_fixed.json,id,avoid_camera_fixed,avoid_reach,camera_location_viewpoint,fixed_train,5,1,avoid_camera_fixed,150,0.0,0.0,1.0,1.0,0.018956279382109642,0.5464298725128174,400.0,146.0
results/bc_128px_v1/metrics/id/metrics__scratch_bc_128__color_multi__budget005__seed000__eval_color_multi.json,id,color_multi,reach,color,diverse_train,5,0,color_multi,150,1.0,1.0,1.0,1.0,0.004229994670798381,0.2366793026526769,400.0,78.0
results/bc_128px_v1/metrics/id/metrics__scratch_bc_128__lighting_fixed__budget020__seed001__eval_lighting_fixed.json,id,lighting_fixed,reach,lighting_direction_intensity,fixed_train,20,1,lighting_fixed,150,0.0,0.0,1.0,1.0,0.011165112257003784,0.20498676598072052,400.0,78.0
results/bc_128px_v1/metrics/id/metrics__scratch_bc_128__avoid_lighting_diverse__budget020__seed000__eval_avoid_lighting_diverse.json,id,avoid_lighting_diverse,avoid_reach,lighting_direction_intensity,diverse_train,20,0,avoid_lighting_diverse,150,0.0,0.0,0.0,1.0,0.022835640236735344,1.0689254450798034,400.0,128.98
results/bc_128px_v1/metrics/id/metrics__scratch_bc_128__avoid_lighting_diverse__budget005__seed001__eval_avoid_lighting_diverse.json,id,avoid_lighting_diverse,avoid_reach,lighting_direction_intensity,diverse_train,5,1,avoid_lighting_diverse,150,0.0,0.0,0.0,1.0,0.02690404896934827,0.51615669409434,400.0,149.0
results/bc_128px_v1/metrics/id/metrics__scratch_bc_128__spatial_narrow__budget020__seed000__eval_spatial_narrow.json,id,spatial_narrow,reach,spatial_distribution,narrow_train,20,0,spatial_narrow,150,0.02666666666666667,0.06666666666666667,0.18666666666666668,0.48,0.05871141510045466,0.16751373550039717,398.0933333333333,87.01388888888889
results/bc_128px_v1/metrics/id/metrics__scratch_bc_128__avoid_camera_multi_pose__budget005__seed002__eval_avoid_camera_multi_pose.json,id,avoid_camera_multi_pose,avoid_reach,camera_location_viewpoint,diverse_train,5,2,avoid_camera_multi_pose,150,0.0,0.0,0.0,1.0,0.036254221200942995,0.5164897747834524,400.0,142.0
results/bc_128px_v1/metrics/id/metrics__scratch_bc_128__color_red_only__budget020__seed001__eval_color_red_only.json,id,color_red_only,reach,color,fixed_train,20,1,color_red_only,150,0.0,1.0,1.0,1.0,0.007402104791253805,0.16592617332935333,400.0,78.0
results/bc_128px_v1/metrics/id/metrics__scratch_bc_128__camera_multi_pose__budget020__seed002__eval_camera_multi_pose.json,id,camera_multi_pose,reach,camera_location_viewpoint,diverse_train,20,2,camera_multi_pose,150,0.0,0.06666666666666667,1.0,1.0,0.010653908848762512,0.025450930409133436,400.0,77.94666666666667
results/bc_128px_v1/metrics/id/metrics__scratch_bc_128__avoid_color_red_only__budget020__seed001__eval_avoid_color_red_only.json,id,avoid_color_red_only,avoid_reach,color,fixed_train,20,1,avoid_color_red_only,150,0.0,0.0,1.0,1.0,0.014517686329782009,1.0530387163162231,400.0,123.0
results/bc_128px_v1/metrics/id/metrics__scratch_bc_128__camera_multi_pose__budget050__seed000__eval_camera_multi_pose.json,id,camera_multi_pose,reach,camera_location_viewpoint,diverse_train,50,0,camera_multi_pose,150,1.0,1.0,1.0,1.0,0.004283860800787806,0.022720522445937,400.0,79.0
results/bc_128px_v1/metrics/id/metrics__scratch_bc_128__avoid_camera_fixed__budget050__seed000__eval_avoid_camera_fixed.json,id,avoid_camera_fixed,avoid_reach,camera_location_viewpoint,fixed_train,50,0,avoid_camera_fixed,150,0.0,0.0,1.0,1.0,0.018098032101988792,0.9148772358894348,400.0,147.0
results/bc_128px_v1/metrics/id/metrics__scratch_bc_128__spatial_wide__budget050__seed000__eval_spatial_wide.json,id,spatial_wide,reach,spatial_distribution,wide_train,50,0,spatial_wide,150,0.02666666666666667,0.08,0.25333333333333335,0.42,0.06599263455718755,0.18034275074799855,400.0,104.41269841269842
results/bc_128px_v1/metrics/id/metrics__scratch_bc_128__avoid_camera_fixed__budget020__seed001__eval_avoid_camera_fixed.json,id,avoid_camera_fixed,avoid_reach,camera_location_viewpoint,fixed_train,20,1,avoid_camera_fixed,150,0.0,0.0,0.0,1.0,0.028839683160185814,1.1571484804153442,400.0,159.0
results/bc_128px_v1/metrics/id/metrics__scratch_bc_128__lighting_diverse__budget005__seed001__eval_lighting_diverse.json,id,lighting_diverse,reach,lighting_direction_intensity,diverse_train,5,1,lighting_diverse,150,0.0,0.0,1.0,1.0,0.01493311632424593,0.23179357486466567,400.0,81.09333333333333
results/bc_128px_v1/metrics/id/metrics__scratch_bc_128__spatial_wide__budget020__seed001__eval_spatial_wide.json,id,spatial_wide,reach,spatial_distribution,wide_train,20,1,spatial_wide,150,0.03333333333333333,0.08666666666666667,0.20666666666666667,0.5533333333333333,0.06660601797824105,0.19698633309453725,400.0,103.72289156626506
results/bc_128px_v1/metrics/id/metrics__scratch_bc_128__lighting_diverse__budget050__seed002__eval_lighting_diverse.json,id,lighting_diverse,reach,lighting_direction_intensity,diverse_train,50,2,lighting_diverse,150,0.0,1.0,1.0,1.0,0.007393909351279338,0.05372924512873093,400.0,79.0
results/bc_128px_v1/metrics/id/metrics__scratch_bc_128__camera_fixed__budget005__seed000__eval_camera_fixed.json,id,camera_fixed,reach,camera_location_viewpoint,fixed_train,5,0,camera_fixed,150,0.0,0.0,0.0,1.0,0.026786908507347107,0.26927095651626587,400.0,85.0
results/bc_128px_v1/metrics/id/metrics__scratch_bc_128__spatial_narrow__budget005__seed002__eval_spatial_narrow.json,id,spatial_narrow,reach,spatial_distribution,narrow_train,5,2,spatial_narrow,150,0.0,0.0,0.07333333333333333,0.5533333333333333,0.04850936019793153,0.2476387486855189,400.0,89.72289156626506
results/bc_128px_v1/metrics/id/metrics__scratch_bc_128__avoid_lighting_fixed__budget020__seed000__eval_avoid_lighting_fixed.json,id,avoid_lighting_fixed,avoid_reach,lighting_direction_intensity,fixed_train,20,0,avoid_lighting_fixed,150,0.0,0.0,0.0,1.0,0.027389785274863243,1.0984948873519897,400.0,119.0
results/bc_128px_v1/metrics/id/metrics__scratch_bc_128__avoid_color_multi__budget020__seed001__eval_avoid_color_multi.json,id,avoid_color_multi,avoid_reach,color,diverse_train,20,1,avoid_color_multi,150,0.0,0.0,1.0,1.0,0.012249544064203899,0.620456463098526,400.0,147.0
results/bc_128px_v1/metrics/id/metrics__scratch_bc_128__avoid_spatial_wide__budget005__seed002__eval_avoid_spatial_wide.json,id,avoid_spatial_wide,avoid_reach,spatial_distribution,wide_train,5,2,avoid_spatial_wide,150,0.0,0.0,0.03333333333333333,0.38,0.08140177960197131,0.1892041543374459,400.0,167.42105263157896
results/bc_128px_v1/metrics/id/metrics__scratch_bc_128__spatial_wide__budget020__seed002__eval_spatial_wide.json,id,spatial_wide,reach,spatial_distribution,wide_train,20,2,spatial_wide,150,0.02,0.06,0.3333333333333333,0.49333333333333335,0.06404872198201095,0.19406019980708758,400.0,113.35135135135135
results/bc_128px_v1/metrics/id/metrics__scratch_bc_128__avoid_camera_multi_pose__budget020__seed002__eval_avoid_camera_multi_pose.json,id,avoid_camera_multi_pose,avoid_reach,camera_location_viewpoint,diverse_train,20,2,avoid_camera_multi_pose,150,0.0,0.0,1.0,1.0,0.01740645950039228,1.0637386155128479,400.0,142.0
results/bc_128px_v1/metrics/id/metrics__scratch_bc_128__avoid_color_multi__budget005__seed000__eval_avoid_color_multi.json,id,avoid_color_multi,avoid_reach,color,diverse_train,5,0,avoid_color_multi,150,0.0,1.0,1.0,1.0,0.007954545076936484,0.5340309536457062,400.0,144.0
results/bc_128px_v1/metrics/id/metrics__scratch_bc_128__avoid_lighting_diverse__budget005__seed002__eval_avoid_lighting_diverse.json,id,avoid_lighting_diverse,avoid_reach,lighting_direction_intensity,diverse_train,5,2,avoid_lighting_diverse,150,0.0,0.0,0.0,1.0,0.027014992920060953,0.5786908992131551,400.0,117.44666666666667
results/bc_128px_v1/metrics/id/metrics__scratch_bc_128__avoid_color_red_only__budget020__seed002__eval_avoid_color_red_only.json,id,avoid_color_red_only,avoid_reach,color,fixed_train,20,2,avoid_color_red_only,150,0.0,0.0,1.0,1.0,0.015039774589240551,1.0772631168365479,400.0,157.0
results/bc_128px_v1/metrics/id/metrics__scratch_bc_128__avoid_spatial_narrow__budget020__seed000__eval_avoid_spatial_narrow.json,id,avoid_spatial_narrow,avoid_reach,spatial_distribution,narrow_train,20,0,avoid_spatial_narrow,150,0.0,0.0,0.0,0.38666666666666666,0.07088721252977848,0.2871422756711642,400.0,128.94827586206895
results/bc_128px_v1/metrics/id/metrics__scratch_bc_128__avoid_spatial_wide__budget020__seed002__eval_avoid_spatial_wide.json,id,avoid_spatial_wide,avoid_reach,spatial_distribution,wide_train,20,2,avoid_spatial_wide,150,0.0,0.02666666666666667,0.14,0.4866666666666667,0.06420235001482069,0.5283659771084785,400.0,153.6027397260274
results/bc_128px_v1/metrics/id/metrics__scratch_bc_128__lighting_fixed__budget050__seed002__eval_lighting_fixed.json,id,lighting_fixed,reach,lighting_direction_intensity,fixed_train,50,2,lighting_fixed,150,0.0,1.0,1.0,1.0,0.007178441621363163,0.1334300935268402,400.0,79.0
results/bc_128px_v1/metrics/id/metrics__scratch_bc_128__color_red_only__budget050__seed002__eval_color_red_only.json,id,color_red_only,reach,color,fixed_train,50,2,color_red_only,150,0.0,1.0,1.0,1.0,0.006046975497156382,0.011065185070037842,400.0,80.0
results/bc_128px_v1/metrics/id/metrics__scratch_bc_128__color_multi__budget005__seed001__eval_color_multi.json,id,color_multi,reach,color,diverse_train,5,1,color_multi,150,0.0,1.0,1.0,1.0,0.00752389763481915,0.3385919723908106,400.0,77.0
results/bc_128px_v1/metrics/id/metrics__scratch_bc_128__avoid_lighting_diverse__budget020__seed001__eval_avoid_lighting_diverse.json,id,avoid_lighting_diverse,avoid_reach,lighting_direction_intensity,diverse_train,20,1,avoid_lighting_diverse,150,0.0,0.0,0.0,1.0,0.024525697467227776,0.9572922233740488,400.0,119.98
results/bc_128px_v1/metrics/id/metrics__scratch_bc_128__camera_fixed__budget020__seed002__eval_camera_fixed.json,id,camera_fixed,reach,camera_location_viewpoint,fixed_train,20,2,camera_fixed,150,0.0,0.0,1.0,1.0,0.010054309852421284,0.02297358214855194,400.0,79.0
results/bc_128px_v1/metrics/id/metrics__scratch_bc_128__spatial_narrow__budget020__seed002__eval_spatial_narrow.json,id,spatial_narrow,reach,spatial_distribution,narrow_train,20,2,spatial_narrow,150,0.0,0.013333333333333334,0.5133333333333333,0.6533333333333333,0.03924393446184695,0.11568288044383128,400.0,106.0204081632653
results/bc_128px_v1/metrics/id/metrics__scratch_bc_128__lighting_diverse__budget005__seed000__eval_lighting_diverse.json,id,lighting_diverse,reach,lighting_direction_intensity,diverse_train,5,0,lighting_diverse,150,0.0,0.0,0.0,1.0,0.022639748168488343,0.27264286736647286,400.0,84.57333333333334
results/bc_128px_v1/metrics/id/metrics__scratch_bc_128__avoid_camera_fixed__budget020__seed000__eval_avoid_camera_fixed.json,id,avoid_camera_fixed,avoid_reach,camera_location_viewpoint,fixed_train,20,0,avoid_camera_fixed,150,0.0,1.0,1.0,1.0,0.005254202056676149,0.7800842523574829,400.0,177.0
results/bc_128px_v1/metrics/id/metrics__scratch_bc_128__avoid_color_multi__budget050__seed000__eval_avoid_color_multi.json,id,avoid_color_multi,avoid_reach,color,diverse_train,50,0,avoid_color_multi,150,0.0,0.0,1.0,1.0,0.014779941644519567,0.9100397475560507,400.0,150.0
results/bc_128px_v1/metrics/id/metrics__scratch_bc_128__color_multi__budget005__seed002__eval_color_multi.json,id,color_multi,reach,color,diverse_train,5,2,color_multi,150,0.0,0.0,1.0,1.0,0.01966935854405165,0.26104780654112497,400.0,81.0
results/bc_128px_v1/metrics/id/metrics__scratch_bc_128__avoid_lighting_diverse__budget005__seed000__eval_avoid_lighting_diverse.json,id,avoid_lighting_diverse,avoid_reach,lighting_direction_intensity,diverse_train,5,0,avoid_lighting_diverse,150,0.0,0.0,1.0,1.0,0.010480377885202567,0.567603219350179,400.0,142.0
results/bc_128px_v1/metrics/id/metrics__scratch_bc_128__avoid_camera_fixed__budget050__seed001__eval_avoid_camera_fixed.json,id,avoid_camera_fixed,avoid_reach,camera_location_viewpoint,fixed_train,50,1,avoid_camera_fixed,150,0.0,0.0,1.0,1.0,0.012871206738054752,0.7170063257217407,400.0,148.0
results/bc_128px_v1/metrics/id/metrics__scratch_bc_128__lighting_fixed__budget005__seed001__eval_lighting_fixed.json,id,lighting_fixed,reach,lighting_direction_intensity,fixed_train,5,1,lighting_fixed,150,0.0,0.0,1.0,1.0,0.014219888485968113,0.024500032886862755,400.0,82.0
results/bc_128px_v1/metrics/id/metrics__scratch_bc_128__avoid_color_multi__budget020__seed002__eval_avoid_color_multi.json,id,avoid_color_multi,avoid_reach,color,diverse_train,20,2,avoid_color_multi,150,0.0,0.0,1.0,1.0,0.019577131755650044,0.9055783263842265,400.0,129.26
results/bc_128px_v1/metrics/id/metrics__scratch_bc_128__avoid_camera_fixed__budget005__seed000__eval_avoid_camera_fixed.json,id,avoid_camera_fixed,avoid_reach,camera_location_viewpoint,fixed_train,5,0,avoid_camera_fixed,150,0.0,1.0,1.0,1.0,0.00756295770406723,0.5466386079788208,400.0,144.0
results/bc_128px_v1/metrics/id/metrics__scratch_bc_128__avoid_color_red_only__budget050__seed002__eval_avoid_color_red_only.json,id,avoid_color_red_only,avoid_reach,color,fixed_train,50,2,avoid_color_red_only,150,0.0,0.0,0.0,1.0,0.02029736340045929,0.9616236090660095,400.0,149.0
results/bc_128px_v1/metrics/id/metrics__scratch_bc_128__avoid_spatial_narrow__budget005__seed000__eval_avoid_spatial_narrow.json,id,avoid_spatial_narrow,avoid_reach,spatial_distribution,narrow_train,5,0,avoid_spatial_narrow,150,0.02666666666666667,0.06666666666666667,0.13333333333333333,0.32,0.07905696416079687,0.4984186975607493,398.16,116.875
results/bc_128px_v1/metrics/id/metrics__scratch_bc_128__avoid_color_red_only__budget005__seed002__eval_avoid_color_red_only.json,id,avoid_color_red_only,avoid_reach,color,fixed_train,5,2,avoid_color_red_only,150,0.0,0.0,0.0,1.0,0.035033825784921646,0.5299871563911438,400.0,142.0
results/bc_128px_v1/metrics/id/metrics__scratch_bc_128__spatial_narrow__budget005__seed000__eval_spatial_narrow.json,id,spatial_narrow,reach,spatial_distribution,narrow_train,5,0,spatial_narrow,150,0.02,0.06,0.22,0.5466666666666666,0.043575838385149834,0.2697682312130928,400.0,89.6951219512195
results/bc_128px_v1/metrics/id/metrics__scratch_bc_128__color_red_only__budget005__seed001__eval_color_red_only.json,id,color_red_only,reach,color,fixed_train,5,1,color_red_only,150,1.0,1.0,1.0,1.0,0.00402351887896657,0.32107388973236084,400.0,76.0
results/bc_128px_v1/metrics/id/metrics__scratch_bc_128__avoid_spatial_narrow__budget050__seed000__eval_avoid_spatial_narrow.json,id,avoid_spatial_narrow,avoid_reach,spatial_distribution,narrow_train,50,0,avoid_spatial_narrow,150,0.0,0.0,0.03333333333333333,0.7,0.04648464418947697,0.24131274660428365,400.0,157.34285714285716
results/bc_128px_v1/metrics/id/metrics__scratch_bc_128__lighting_diverse__budget020__seed000__eval_lighting_diverse.json,id,lighting_diverse,reach,lighting_direction_intensity,diverse_train,20,0,lighting_diverse,150,0.0,1.0,1.0,1.0,0.00887015093738834,0.1618152036269506,400.0,79.42
results/bc_128px_v1/metrics/id/metrics__scratch_bc_128__avoid_lighting_fixed__budget020__seed002__eval_avoid_lighting_fixed.json,id,avoid_lighting_fixed,avoid_reach,lighting_direction_intensity,fixed_train,20,2,avoid_lighting_fixed,150,0.0,0.0,1.0,1.0,0.017439192160964012,0.5874841809272766,400.0,141.0
results/bc_128px_v1/metrics/id/metrics__scratch_bc_128__avoid_color_multi__budget050__seed001__eval_avoid_color_multi.json,id,avoid_color_multi,avoid_reach,color,diverse_train,50,1,avoid_color_multi,150,0.0,0.0,1.0,1.0,0.016019136669735114,1.0270438798268635,400.0,124.0
results/bc_128px_v1/metrics/id/metrics__scratch_bc_128__camera_fixed__budget005__seed001__eval_camera_fixed.json,id,camera_fixed,reach,camera_location_viewpoint,fixed_train,5,1,camera_fixed,150,0.0,1.0,1.0,1.0,0.005293755792081356,0.3169441223144531,400.0,76.0
results/bc_128px_v1/metrics/id/metrics__scratch_bc_128__spatial_wide__budget020__seed000__eval_spatial_wide.json,id,spatial_wide,reach,spatial_distribution,wide_train,20,0,spatial_wide,150,0.013333333333333334,0.04,0.18,0.3466666666666667,0.10307806921812396,0.26081894282251594,400.0,96.28846153846153
results/bc_128px_v1/metrics/id/metrics__scratch_bc_128__color_red_only__budget005__seed000__eval_color_red_only.json,id,color_red_only,reach,color,fixed_train,5,0,color_red_only,150,0.0,0.0,1.0,1.0,0.010178153403103352,0.26941579580307007,400.0,78.0
results/bc_128px_v1/metrics/id/metrics__scratch_bc_128__spatial_narrow__budget005__seed001__eval_spatial_narrow.json,id,spatial_narrow,reach,spatial_distribution,narrow_train,5,1,spatial_narrow,150,0.006666666666666667,0.06666666666666667,0.26,0.56,0.05446849151980132,0.1589663542310397,400.0,110.27380952380952
results/bc_128px_v1/metrics/id/metrics__scratch_bc_128__lighting_fixed__budget005__seed000__eval_lighting_fixed.json,id,lighting_fixed,reach,lighting_direction_intensity,fixed_train,5,0,lighting_fixed,150,0.0,0.0,1.0,1.0,0.015287925489246845,0.26657435297966003,400.0,84.0
results/bc_128px_v1/metrics/id/metrics__scratch_bc_128__avoid_spatial_narrow__budget020__seed001__eval_avoid_spatial_narrow.json,id,avoid_spatial_narrow,avoid_reach,spatial_distribution,narrow_train,20,1,avoid_spatial_narrow,150,0.0,0.0,0.02,0.4866666666666667,0.05855808941026529,0.26722779820362724,400.0,124.56164383561644
results/bc_128px_v1/metrics/id/metrics__scratch_bc_128__spatial_wide__budget050__seed001__eval_spatial_wide.json,id,spatial_wide,reach,spatial_distribution,wide_train,50,1,spatial_wide,150,0.02666666666666667,0.09333333333333334,0.43333333333333335,0.7933333333333333,0.0338127426779829,0.06532507132117947,400.0,98.49579831932773
results/bc_128px_v1/metrics/id/metrics__scratch_bc_128__avoid_color_multi__budget005__seed002__eval_avoid_color_multi.json,id,avoid_color_multi,avoid_reach,color,diverse_train,5,2,avoid_color_multi,150,0.0,0.0,0.0,1.0,0.0318954377869765,0.5301321534315745,400.0,144.0
results/bc_128px_v1/metrics/id/metrics__scratch_bc_128__avoid_camera_fixed__budget050__seed002__eval_avoid_camera_fixed.json,id,avoid_camera_fixed,avoid_reach,camera_location_viewpoint,fixed_train,50,2,avoid_camera_fixed,150,0.0,0.0,1.0,1.0,0.019981026649475098,0.9963139891624451,400.0,139.0
results/bc_128px_v1/metrics/id/metrics__scratch_bc_128__color_red_only__budget020__seed002__eval_color_red_only.json,id,color_red_only,reach,color,fixed_train,20,2,color_red_only,150,0.0,0.0,1.0,1.0,0.010257340036332607,0.022915389388799667,400.0,78.0
results/bc_128px_v1/metrics/id/metrics__scratch_bc_128__avoid_camera_multi_pose__budget050__seed000__eval_avoid_camera_multi_pose.json,id,avoid_camera_multi_pose,avoid_reach,camera_location_viewpoint,diverse_train,50,0,avoid_camera_multi_pose,150,0.0,0.0,0.0,0.0,0.21120439738035202,0.5118915975093842,400.0,
results/bc_128px_v1/metrics/id/metrics__scratch_bc_128__avoid_camera_multi_pose__budget020__seed001__eval_avoid_camera_multi_pose.json,id,avoid_camera_multi_pose,avoid_reach,camera_location_viewpoint,diverse_train,20,1,avoid_camera_multi_pose,150,0.0,0.0,0.0,1.0,0.02459708705544472,1.1209007636706034,400.0,147.0
results/bc_128px_v1/metrics/id/metrics__scratch_bc_128__lighting_diverse__budget050__seed000__eval_lighting_diverse.json,id,lighting_diverse,reach,lighting_direction_intensity,diverse_train,50,0,lighting_diverse,150,1.0,1.0,1.0,1.0,0.003139804328481356,0.12812285095453263,400.0,78.58
results/bc_128px_v1/metrics/id/metrics__scratch_bc_128__color_multi__budget020__seed001__eval_color_multi.json,id,color_multi,reach,color,diverse_train,20,1,color_multi,150,0.0,0.7933333333333333,1.0,1.0,0.009571887937684855,0.27360215385754905,400.0,75.79333333333334
results/bc_128px_v1/metrics/id/metrics__scratch_bc_128__lighting_fixed__budget020__seed002__eval_lighting_fixed.json,id,lighting_fixed,reach,lighting_direction_intensity,fixed_train,20,2,lighting_fixed,150,0.0,0.0,1.0,1.0,0.016255998983979225,0.2466086894273758,400.0,78.0
results/bc_128px_v1/metrics/id/metrics__scratch_bc_128__color_multi__budget050__seed000__eval_color_multi.json,id,color_multi,reach,color,diverse_train,50,0,color_multi,150,1.0,1.0,1.0,1.0,0.0017310482892207801,0.02125146210193634,400.0,79.0
results/bc_128px_v1/metrics/id/metrics__scratch_bc_128__avoid_spatial_narrow__budget050__seed001__eval_avoid_spatial_narrow.json,id,avoid_spatial_narrow,avoid_reach,spatial_distribution,narrow_train,50,1,avoid_spatial_narrow,150,0.04,0.06666666666666667,0.13333333333333333,0.36,0.06529370238694052,0.2065252361446619,400.0,156.90740740740742
results/bc_128px_v1/metrics/id/metrics__scratch_bc_128__spatial_narrow__budget050__seed002__eval_spatial_narrow.json,id,spatial_narrow,reach,spatial_distribution,narrow_train,50,2,spatial_narrow,150,0.05333333333333334,0.15333333333333332,0.36666666666666664,0.6,0.042588735154519476,0.21082882492492597,400.0,88.63333333333334
results/bc_128px_v1/metrics/id/metrics__scratch_bc_128__avoid_spatial_wide__budget005__seed001__eval_avoid_spatial_wide.json,id,avoid_spatial_wide,avoid_reach,spatial_distribution,wide_train,5,1,avoid_spatial_wide,150,0.0,0.07333333333333333,0.20666666666666667,0.43333333333333335,0.079526377239575,0.296215698402375,400.0,195.44615384615383
results/bc_128px_v1/metrics/id/metrics__scratch_bc_128__camera_fixed__budget050__seed001__eval_camera_fixed.json,id,camera_fixed,reach,camera_location_viewpoint,fixed_train,50,1,camera_fixed,150,1.0,1.0,1.0,1.0,0.004048858303576708,0.02429162710905075,400.0,78.0
results/bc_128px_v1/metrics/id/metrics__scratch_bc_128__avoid_spatial_narrow__budget005__seed001__eval_avoid_spatial_narrow.json,id,avoid_spatial_narrow,avoid_reach,spatial_distribution,narrow_train,5,1,avoid_spatial_narrow,150,0.0,0.0,0.12666666666666668,0.66,0.045248211001356446,0.464232989748319,400.0,155.03030303030303
results/bc_128px_v1/metrics/id/metrics__scratch_bc_128__avoid_lighting_diverse__budget050__seed001__eval_avoid_lighting_diverse.json,id,avoid_lighting_diverse,avoid_reach,lighting_direction_intensity,diverse_train,50,1,avoid_lighting_diverse,150,0.0,0.0,0.38,1.0,0.020028906725347042,0.9090272343158722,400.0,147.74
results/bc_128px_v1/metrics/id/metrics__scratch_bc_128__spatial_wide__budget005__seed001__eval_spatial_wide.json,id,spatial_wide,reach,spatial_distribution,wide_train,5,1,spatial_wide,150,0.0,0.0,0.07333333333333333,0.20666666666666667,0.09818805021544298,0.3240450860808293,400.0,137.48387096774192
results/bc_128px_v1/metrics/id/metrics__scratch_bc_128__avoid_lighting_fixed__budget050__seed002__eval_avoid_lighting_fixed.json,id,avoid_lighting_fixed,avoid_reach,lighting_direction_intensity,fixed_train,50,2,avoid_lighting_fixed,150,0.0,0.0,0.0,1.0,0.02166060358285904,0.565626859664917,400.0,130.0
results/bc_128px_v1/metrics/id/metrics__scratch_bc_128__avoid_camera_multi_pose__budget005__seed000__eval_avoid_camera_multi_pose.json,id,avoid_camera_multi_pose,avoid_reach,camera_location_viewpoint,diverse_train,5,0,avoid_camera_multi_pose,150,0.0,0.0,1.0,1.0,0.012661476352562507,0.5809062345822652,400.0,144.0
results/bc_128px_v1/metrics/id/metrics__scratch_bc_128__avoid_color_multi__budget020__seed000__eval_avoid_color_multi.json,id,avoid_color_multi,avoid_reach,color,diverse_train,20,0,avoid_color_multi,150,0.0,0.0,0.0,1.0,0.02476711937536796,1.0802337630589802,400.0,127.0
results/bc_128px_v1/metrics/id/metrics__scratch_bc_128__avoid_lighting_fixed__budget005__seed002__eval_avoid_lighting_fixed.json,id,avoid_lighting_fixed,avoid_reach,lighting_direction_intensity,fixed_train,5,2,avoid_lighting_fixed,150,0.0,0.0,0.0,1.0,0.03051367588341236,0.573956310749054,400.0,141.0
results/bc_128px_v1/metrics/id/metrics__scratch_bc_128__camera_fixed__budget020__seed000__eval_camera_fixed.json,id,camera_fixed,reach,camera_location_viewpoint,fixed_train,20,0,camera_fixed,150,0.0,1.0,1.0,1.0,0.00717098917812109,0.03005707636475563,400.0,79.0
results/bc_128px_v1/metrics/id/metrics__scratch_bc_128__color_multi__budget020__seed002__eval_color_multi.json,id,color_multi,reach,color,diverse_train,20,2,color_multi,150,0.0,0.0,0.7133333333333334,1.0,0.019607047475874426,0.20782056828339895,400.0,80.0
results/bc_128px_v1/metrics/id/metrics__scratch_bc_128__avoid_spatial_wide__budget020__seed001__eval_avoid_spatial_wide.json,id,avoid_spatial_wide,avoid_reach,spatial_distribution,wide_train,20,1,avoid_spatial_wide,150,0.0,0.0,0.19333333333333333,0.52,0.0733280060129861,0.5361088692893584,400.0,137.5897435897436
results/bc_128px_v1/metrics/id/metrics__scratch_bc_128__avoid_spatial_wide__budget050__seed000__eval_avoid_spatial_wide.json,id,avoid_spatial_wide,avoid_reach,spatial_distribution,wide_train,50,0,avoid_spatial_wide,150,0.0,0.013333333333333334,0.11333333333333333,0.43333333333333335,0.06902389471729596,0.23978357528646788,400.0,193.96923076923076
results/bc_128px_v1/metrics/id/metrics__scratch_bc_128__avoid_color_multi__budget050__seed002__eval_avoid_color_multi.json,id,avoid_color_multi,avoid_reach,color,diverse_train,50,2,avoid_color_multi,150,0.0,0.0,0.0,1.0,0.021108112844328085,0.9687777892748515,400.0,148.0
results/bc_128px_v1/metrics/id/metrics__scratch_bc_128__avoid_color_multi__budget005__seed001__eval_avoid_color_multi.json,id,avoid_color_multi,avoid_reach,color,diverse_train,5,1,avoid_color_multi,150,0.0,0.0,0.0,1.0,0.026247427041331928,0.5444153424104055,400.0,145.0
results/bc_128px_v1/metrics/id/metrics__scratch_bc_128__avoid_camera_fixed__budget005__seed002__eval_avoid_camera_fixed.json,id,avoid_camera_fixed,avoid_reach,camera_location_viewpoint,fixed_train,5,2,avoid_camera_fixed,150,0.0,0.0,1.0,1.0,0.011600092053413391,0.5194397568702698,400.0,147.0
results/bc_128px_v1/metrics/id/metrics__scratch_bc_128__avoid_color_red_only__budget005__seed000__eval_avoid_color_red_only.json,id,avoid_color_red_only,avoid_reach,color,fixed_train,5,0,avoid_color_red_only,150,0.0,0.0,0.0,1.0,0.020510952919721603,0.5754693746566772,400.0,141.0
results/bc_128px_v1/metrics/id/metrics__scratch_bc_128__avoid_spatial_narrow__budget050__seed002__eval_avoid_spatial_narrow.json,id,avoid_spatial_narrow,avoid_reach,spatial_distribution,narrow_train,50,2,avoid_spatial_narrow,150,0.0,0.0,0.006666666666666667,0.26666666666666666,0.1268300617982944,0.60635735993584,400.0,128.55
results/bc_128px_v1/metrics/id/metrics__scratch_bc_128__avoid_color_red_only__budget050__seed000__eval_avoid_color_red_only.json,id,avoid_color_red_only,avoid_reach,color,fixed_train,50,0,avoid_color_red_only,150,0.0,0.0,1.0,1.0,0.018377140164375305,1.0004388093948364,400.0,147.0
results/bc_128px_v1/metrics/id/metrics__scratch_bc_128__color_red_only__budget005__seed002__eval_color_red_only.json,id,color_red_only,reach,color,fixed_train,5,2,color_red_only,150,0.0,0.0,1.0,1.0,0.013162764720618725,0.27907052636146545,400.0,77.0
results/bc_128px_v1/metrics/id/metrics__scratch_bc_128__avoid_spatial_narrow__budget005__seed002__eval_avoid_spatial_narrow.json,id,avoid_spatial_narrow,avoid_reach,spatial_distribution,narrow_train,5,2,avoid_spatial_narrow,150,0.0,0.0,0.0,0.25333333333333335,0.08492179699242115,0.4997740411758423,400.0,131.68421052631578
results/bc_128px_v1/metrics/id/metrics__scratch_bc_128__lighting_diverse__budget005__seed002__eval_lighting_diverse.json,id,lighting_diverse,reach,lighting_direction_intensity,diverse_train,5,2,lighting_diverse,150,0.0,0.0,1.0,1.0,0.015249352362006903,0.24205786873896917,400.0,76.0
results/bc_128px_v1/metrics/id/metrics__scratch_bc_128__avoid_lighting_fixed__budget050__seed001__eval_avoid_lighting_fixed.json,id,avoid_lighting_fixed,avoid_reach,lighting_direction_intensity,fixed_train,50,1,avoid_lighting_fixed,150,0.0,0.0,1.0,1.0,0.01802288182079792,0.6973263621330261,400.0,146.0
results/bc_128px_v1/metrics/id/metrics__scratch_bc_128__lighting_diverse__budget050__seed001__eval_lighting_diverse.json,id,lighting_diverse,reach,lighting_direction_intensity,diverse_train,50,1,lighting_diverse,150,1.0,1.0,1.0,1.0,0.004598411507904529,0.022399115053315957,400.0,79.0
results/bc_128px_v1/metrics/id/metrics__scratch_bc_128__lighting_fixed__budget005__seed002__eval_lighting_fixed.json,id,lighting_fixed,reach,lighting_direction_intensity,fixed_train,5,2,lighting_fixed,150,0.0,0.0,1.0,1.0,0.019771553575992584,0.254643052816391,400.0,78.0
results/bc_128px_v1/metrics/id/metrics__scratch_bc_128__avoid_lighting_fixed__budget005__seed001__eval_avoid_lighting_fixed.json,id,avoid_lighting_fixed,avoid_reach,lighting_direction_intensity,fixed_train,5,1,avoid_lighting_fixed,150,0.0,0.0,1.0,1.0,0.01144456584006548,0.541395902633667,400.0,149.0
results/bc_128px_v1/metrics/id/metrics__scratch_bc_128__color_red_only__budget020__seed000__eval_color_red_only.json,id,color_red_only,reach,color,fixed_train,20,0,color_red_only,150,0.0,1.0,1.0,1.0,0.007083665579557419,0.032532673329114914,400.0,80.0
results/bc_128px_v1/metrics/id/metrics__scratch_bc_128__spatial_narrow__budget020__seed001__eval_spatial_narrow.json,id,spatial_narrow,reach,spatial_distribution,narrow_train,20,1,spatial_narrow,150,0.02,0.05333333333333334,0.32,0.74,0.03668454807406912,0.13466917956868807,400.0,126.70270270270271
results/bc_128px_v1/metrics/id/metrics__scratch_bc_128__lighting_diverse__budget020__seed001__eval_lighting_diverse.json,id,lighting_diverse,reach,lighting_direction_intensity,diverse_train,20,1,lighting_diverse,150,0.0,0.86,1.0,1.0,0.009642491328219573,0.03714057371020317,400.0,79.0
results/bc_128px_v1/metrics/id/metrics__scratch_bc_128__camera_fixed__budget050__seed002__eval_camera_fixed.json,id,camera_fixed,reach,camera_location_viewpoint,fixed_train,50,2,camera_fixed,150,0.0,1.0,1.0,1.0,0.006905296817421913,0.028007561340928078,400.0,78.0
results/bc_128px_v1/metrics/id/metrics__scratch_bc_128__avoid_lighting_diverse__budget050__seed002__eval_avoid_lighting_diverse.json,id,avoid_lighting_diverse,avoid_reach,lighting_direction_intensity,diverse_train,50,2,avoid_lighting_diverse,150,0.0,0.0,0.0,1.0,0.021158136278390884,0.7202763032913208,400.0,150.26666666666668
results/bc_128px_v1/metrics/id/metrics__scratch_bc_128__avoid_camera_fixed__budget020__seed002__eval_avoid_camera_fixed.json,id,avoid_camera_fixed,avoid_reach,camera_location_viewpoint,fixed_train,20,2,avoid_camera_fixed,150,0.0,0.0,1.0,1.0,0.01745898835361004,1.0867458581924438,400.0,141.0
results/bc_128px_v1/metrics/id/metrics__scratch_bc_128__camera_multi_pose__budget005__seed002__eval_camera_multi_pose.json,id,camera_multi_pose,reach,camera_location_viewpoint,diverse_train,5,2,camera_multi_pose,150,0.0,0.0,0.0,1.0,0.029309344068169593,0.24041379163662593,400.0,84.0
results/bc_128px_v1/metrics/id/metrics__scratch_bc_128__avoid_camera_multi_pose__budget020__seed000__eval_avoid_camera_multi_pose.json,id,avoid_camera_multi_pose,avoid_reach,camera_location_viewpoint,diverse_train,20,0,avoid_camera_multi_pose,150,0.0,1.0,1.0,1.0,0.00600774505486091,1.080572939713796,400.0,151.0
results/bc_128px_v1/metrics/id/metrics__scratch_bc_128__color_multi__budget050__seed002__eval_color_multi.json,id,color_multi,reach,color,diverse_train,50,2,color_multi,150,1.0,1.0,1.0,1.0,0.004929018563901385,0.12119792575637499,400.0,79.0
results/bc_128px_v1/metrics/id/metrics__scratch_bc_128__avoid_camera_multi_pose__budget050__seed001__eval_avoid_camera_multi_pose.json,id,avoid_camera_multi_pose,avoid_reach,camera_location_viewpoint,diverse_train,50,1,avoid_camera_multi_pose,150,0.0,0.0,1.0,1.0,0.019395127433041733,0.9052815469106038,400.0,144.0
results/bc_128px_v1/metrics/id/metrics__scratch_bc_128__spatial_wide__budget005__seed002__eval_spatial_wide.json,id,spatial_wide,reach,spatial_distribution,wide_train,5,2,spatial_wide,150,0.0,0.0,0.0,0.14666666666666667,0.10594010176757972,0.4829850725332896,400.0,104.22727272727273
results/bc_128px_v1/metrics/id/metrics__scratch_bc_128__lighting_fixed__budget020__seed000__eval_lighting_fixed.json,id,lighting_fixed,reach,lighting_direction_intensity,fixed_train,20,0,lighting_fixed,150,1.0,1.0,1.0,1.0,0.004891628865152597,0.14703458547592163,400.0,78.0
results/bc_128px_v1/metrics/id/metrics__scratch_bc_128__camera_multi_pose__budget050__seed001__eval_camera_multi_pose.json,id,camera_multi_pose,reach,camera_location_viewpoint,diverse_train,50,1,camera_multi_pose,150,0.22,1.0,1.0,1.0,0.005112199615687132,0.02225174384812514,400.0,79.0
results/bc_128px_v1/metrics/id/metrics__scratch_bc_128__color_multi__budget050__seed001__eval_color_multi.json,id,color_multi,reach,color,diverse_train,50,1,color_multi,150,1.0,1.0,1.0,1.0,0.0033534702425822615,0.02245368141680956,400.0,78.0
results/bc_128px_v1/metrics/id/metrics__scratch_bc_128__camera_multi_pose__budget005__seed001__eval_camera_multi_pose.json,id,camera_multi_pose,reach,camera_location_viewpoint,diverse_train,5,1,camera_multi_pose,150,0.0,1.0,1.0,1.0,0.008184698484838009,0.33550966262817383,400.0,76.0
results/bc_128px_v1/metrics/id/metrics__scratch_bc_128__color_red_only__budget050__seed001__eval_color_red_only.json,id,color_red_only,reach,color,fixed_train,50,1,color_red_only,150,1.0,1.0,1.0,1.0,0.004161610268056393,0.021980246528983116,400.0,78.0
results/bc_128px_v1/metrics/id/metrics__scratch_bc_128__spatial_narrow__budget050__seed000__eval_spatial_narrow.json,id,spatial_narrow,reach,spatial_distribution,narrow_train,50,0,spatial_narrow,150,0.03333333333333333,0.32666666666666666,1.0,1.0,0.010719230094303688,0.024437019067505995,400.0,79.32666666666667
results/bc_128px_v1/metrics/id/metrics__scratch_bc_128__avoid_lighting_fixed__budget020__seed001__eval_avoid_lighting_fixed.json,id,avoid_lighting_fixed,avoid_reach,lighting_direction_intensity,fixed_train,20,1,avoid_lighting_fixed,150,0.0,0.0,1.0,1.0,0.01994064450263977,0.7590734362602234,400.0,142.0
results/bc_128px_v1/metrics/id/metrics__scratch_bc_128__color_multi__budget020__seed000__eval_color_multi.json,id,color_multi,reach,color,diverse_train,20,0,color_multi,150,1.0,1.0,1.0,1.0,0.004157958890621861,0.17500098953644436,400.0,77.0
results/bc_128px_v1/metrics/id/metrics__scratch_bc_128__avoid_spatial_narrow__budget020__seed002__eval_avoid_spatial_narrow.json,id,avoid_spatial_narrow,avoid_reach,spatial_distribution,narrow_train,20,2,avoid_spatial_narrow,150,0.0,0.0,0.08,0.5133333333333333,0.055309579434494174,0.4170228276650111,400.0,124.74025974025975
results/bc_128px_v1/metrics/id/metrics__scratch_bc_128__camera_multi_pose__budget050__seed002__eval_camera_multi_pose.json,id,camera_multi_pose,reach,camera_location_viewpoint,diverse_train,50,2,camera_multi_pose,150,0.0,1.0,1.0,1.0,0.00641874346571664,0.0203250835587581,400.0,78.0
results/bc_128px_v1/metrics/id/metrics__scratch_bc_128__avoid_spatial_wide__budget050__seed001__eval_avoid_spatial_wide.json,id,avoid_spatial_wide,avoid_reach,spatial_distribution,wide_train,50,1,avoid_spatial_wide,150,0.0,0.03333333333333333,0.2,0.42,0.060152134175101915,0.26015092585235833,400.0,140.61904761904762
results/bc_128px_v1/metrics/id/metrics__scratch_bc_128__lighting_fixed__budget050__seed001__eval_lighting_fixed.json,id,lighting_fixed,reach,lighting_direction_intensity,fixed_train,50,1,lighting_fixed,150,1.0,1.0,1.0,1.0,0.0032531479373574257,0.022425184026360512,400.0,78.0
results/bc_128px_v1/metrics/id/metrics__scratch_bc_128__avoid_lighting_diverse__budget050__seed000__eval_avoid_lighting_diverse.json,id,avoid_lighting_diverse,avoid_reach,lighting_direction_intensity,diverse_train,50,0,avoid_lighting_diverse,150,0.0,0.0,0.0,1.0,0.02067943664888541,0.9190524160861969,400.0,146.92666666666668
results/bc_128px_v1/metrics/id/metrics__scratch_bc_128__avoid_spatial_wide__budget020__seed000__eval_avoid_spatial_wide.json,id,avoid_spatial_wide,avoid_reach,spatial_distribution,wide_train,20,0,avoid_spatial_wide,150,0.0,0.006666666666666667,0.10666666666666667,0.4533333333333333,0.060027151461690666,0.4055930157005787,400.0,138.52941176470588
results/bc_128px_v1/metrics/id/metrics__scratch_bc_128__avoid_camera_multi_pose__budget005__seed001__eval_avoid_camera_multi_pose.json,id,avoid_camera_multi_pose,avoid_reach,camera_location_viewpoint,diverse_train,5,1,avoid_camera_multi_pose,150,0.0,0.0,1.0,1.0,0.01824870896836122,0.5800513931115469,400.0,144.0
results/bc_128px_v1/metrics/id/metrics__scratch_bc_128__avoid_color_red_only__budget020__seed000__eval_avoid_color_red_only.json,id,avoid_color_red_only,avoid_reach,color,fixed_train,20,0,avoid_color_red_only,150,0.0,0.0,1.0,1.0,0.014577032066881657,0.7639608383178711,400.0,165.0
results/bc_128px_v1/metrics/id/metrics__scratch_bc_128__camera_multi_pose__budget020__seed000__eval_camera_multi_pose.json,id,camera_multi_pose,reach,camera_location_viewpoint,diverse_train,20,0,camera_multi_pose,150,0.0,1.0,1.0,1.0,0.006982331999267141,0.1705571620663007,400.0,78.0
results/bc_128px_v1/metrics/id/metrics__scratch_bc_128__camera_fixed__budget005__seed002__eval_camera_fixed.json,id,camera_fixed,reach,camera_location_viewpoint,fixed_train,5,2,camera_fixed,150,0.0,0.0,1.0,1.0,0.01185092143714428,0.27863049507141113,400.0,76.0
results/bc_128px_v1/metrics/id/metrics__scratch_bc_128__spatial_wide__budget050__seed002__eval_spatial_wide.json,id,spatial_wide,reach,spatial_distribution,wide_train,50,2,spatial_wide,150,0.0,0.04,0.17333333333333334,0.5066666666666667,0.056822356740012764,0.16748823856314024,400.0,98.55263157894737
results/bc_128px_v1/metrics/id/metrics__scratch_bc_128__avoid_spatial_wide__budget005__seed000__eval_avoid_spatial_wide.json,id,avoid_spatial_wide,avoid_reach,spatial_distribution,wide_train,5,0,avoid_spatial_wide,150,0.013333333333333334,0.02666666666666667,0.12,0.30666666666666664,0.08639571631327271,0.36642361879348756,400.0,186.2173913043478
results/bc_128px_v1/metrics/ood/metrics__scratch_bc_128__avoid_spatial_narrow__budget020__seed002__eval_avoid_spatial_edge_ood_eval.json,ood,avoid_spatial_narrow,avoid_reach,spatial_distribution,narrow_train,20,2,avoid_spatial_edge_ood_eval,150,0.0,0.02,0.06,0.25333333333333335,0.12756559220763544,0.44979054023822146,400.0,166.3421052631579
results/bc_128px_v1/metrics/ood/metrics__scratch_bc_128__lighting_fixed__budget005__seed000__eval_lighting_extreme_ood_eval.json,ood,lighting_fixed,reach,lighting_direction_intensity,fixed_train,5,0,lighting_extreme_ood_eval,150,0.0,0.0,0.41333333333333333,1.0,0.030679573838909468,0.14025242229302723,400.0,79.22666666666667
results/bc_128px_v1/metrics/ood/metrics__scratch_bc_128__spatial_narrow__budget050__seed000__eval_spatial_edge_ood_eval.json,ood,spatial_narrow,reach,spatial_distribution,narrow_train,50,0,spatial_edge_ood_eval,150,0.02,0.07333333333333333,0.16,0.26666666666666666,0.13240731426049024,0.2230694815268119,400.0,94.875
results/bc_128px_v1/metrics/ood/metrics__scratch_bc_128__avoid_camera_multi_pose__budget050__seed002__eval_avoid_camera_extreme_ood_eval.json,ood,avoid_camera_multi_pose,avoid_reach,camera_location_viewpoint,diverse_train,50,2,avoid_camera_extreme_ood_eval,150,0.0,0.0,0.0,1.0,0.025257997065782547,1.1974048773447672,400.0,166.0
results/bc_128px_v1/metrics/ood/metrics__scratch_bc_128__camera_multi_pose__budget005__seed002__eval_camera_extreme_ood_eval.json,ood,camera_multi_pose,reach,camera_location_viewpoint,diverse_train,5,2,camera_extreme_ood_eval,150,0.0,0.0,0.0,1.0,0.02924487297733625,0.24050631920496623,400.0,84.0
results/bc_128px_v1/metrics/ood/metrics__scratch_bc_128__avoid_camera_multi_pose__budget020__seed001__eval_avoid_camera_extreme_ood_eval.json,ood,avoid_camera_multi_pose,avoid_reach,camera_location_viewpoint,diverse_train,20,1,avoid_camera_extreme_ood_eval,150,0.0,0.0,0.0,1.0,0.024594786465168,1.1209011697769165,400.0,147.0
results/bc_128px_v1/metrics/ood/metrics__scratch_bc_128__color_multi__budget050__seed000__eval_color_ood_eval.json,ood,color_multi,reach,color,diverse_train,50,0,color_ood_eval,150,1.0,1.0,1.0,1.0,0.002630862155929208,0.019247257622579735,400.0,79.97333333333333
results/bc_128px_v1/metrics/ood/metrics__scratch_bc_128__lighting_diverse__budget020__seed000__eval_lighting_extreme_ood_eval.json,ood,lighting_diverse,reach,lighting_direction_intensity,diverse_train,20,0,lighting_extreme_ood_eval,150,0.0,0.41333333333333333,1.0,1.0,0.01071952293937405,0.16076672017574312,400.0,79.98666666666666
results/bc_128px_v1/metrics/ood/metrics__scratch_bc_128__avoid_lighting_fixed__budget050__seed000__eval_avoid_lighting_extreme_ood_eval.json,ood,avoid_lighting_fixed,avoid_reach,lighting_direction_intensity,fixed_train,50,0,avoid_lighting_extreme_ood_eval,150,0.0,0.0,0.28,0.7933333333333333,0.05553145239750544,0.7255728081862132,400.0,148.47058823529412
results/bc_128px_v1/metrics/ood/metrics__scratch_bc_128__avoid_color_multi__budget020__seed000__eval_avoid_color_ood_eval.json,ood,avoid_color_multi,avoid_reach,color,diverse_train,20,0,avoid_color_ood_eval,150,0.0,0.0,0.0,1.0,0.024777107102175552,1.080284869670868,400.0,127.0
results/bc_128px_v1/metrics/ood/metrics__scratch_bc_128__spatial_wide__budget020__seed001__eval_spatial_edge_ood_eval.json,ood,spatial_wide,reach,spatial_distribution,wide_train,20,1,spatial_edge_ood_eval,150,0.006666666666666667,0.04666666666666667,0.12666666666666668,0.38666666666666666,0.09617996248571824,0.23909664439192663,398.12,99.06896551724138
results/bc_128px_v1/metrics/ood/metrics__scratch_bc_128__avoid_camera_multi_pose__budget005__seed002__eval_avoid_camera_extreme_ood_eval.json,ood,avoid_camera_multi_pose,avoid_reach,camera_location_viewpoint,diverse_train,5,2,avoid_camera_extreme_ood_eval,150,0.0,0.0,0.0,1.0,0.036249841799338656,0.5164816776911417,400.0,142.0
results/bc_128px_v1/metrics/ood/metrics__scratch_bc_128__camera_fixed__budget005__seed000__eval_camera_extreme_ood_eval.json,ood,camera_fixed,reach,camera_location_viewpoint,fixed_train,5,0,camera_extreme_ood_eval,150,0.0,0.0,0.0,1.0,0.026684602523843446,0.26903769075870515,400.0,85.0
results/bc_128px_v1/metrics/ood/metrics__scratch_bc_128__color_red_only__budget050__seed002__eval_color_ood_eval.json,ood,color_red_only,reach,color,fixed_train,50,2,color_ood_eval,150,0.0,0.4666666666666667,1.0,1.0,0.012612995008627574,0.07429952302326759,400.0,73.8
results/bc_128px_v1/metrics/ood/metrics__scratch_bc_128__spatial_wide__budget050__seed000__eval_spatial_edge_ood_eval.json,ood,spatial_wide,reach,spatial_distribution,wide_train,50,0,spatial_edge_ood_eval,150,0.013333333333333334,0.02,0.14,0.3466666666666667,0.09975557343025382,0.21395954066266618,400.0,109.86538461538461
results/bc_128px_v1/metrics/ood/metrics__scratch_bc_128__avoid_lighting_diverse__budget020__seed002__eval_avoid_lighting_extreme_ood_eval.json,ood,avoid_lighting_diverse,avoid_reach,lighting_direction_intensity,diverse_train,20,2,avoid_lighting_extreme_ood_eval,150,0.0,0.0,1.0,1.0,0.014746385831385852,0.5616713770230611,400.0,142.0
results/bc_128px_v1/metrics/ood/metrics__scratch_bc_128__spatial_narrow__budget020__seed001__eval_spatial_edge_ood_eval.json,ood,spatial_narrow,reach,spatial_distribution,narrow_train,20,1,spatial_edge_ood_eval,150,0.0,0.02,0.07333333333333333,0.16,0.1310734391429772,0.29673493158072234,400.0,133.41666666666666
results/bc_128px_v1/metrics/ood/metrics__scratch_bc_128__avoid_camera_fixed__budget020__seed000__eval_avoid_camera_extreme_ood_eval.json,ood,avoid_camera_fixed,avoid_reach,camera_location_viewpoint,fixed_train,20,0,avoid_camera_extreme_ood_eval,150,0.0,1.0,1.0,1.0,0.005233491885786255,0.7801018941402436,400.0,177.0
results/bc_128px_v1/metrics/ood/metrics__scratch_bc_128__avoid_spatial_narrow__budget020__seed001__eval_avoid_spatial_edge_ood_eval.json,ood,avoid_spatial_narrow,avoid_reach,spatial_distribution,narrow_train,20,1,avoid_spatial_edge_ood_eval,150,0.0,0.0,0.0,0.12,0.13248880710452796,0.3214045744140943,400.0,156.05555555555554
results/bc_128px_v1/metrics/ood/metrics__scratch_bc_128__avoid_color_red_only__budget020__seed002__eval_avoid_color_ood_eval.json,ood,avoid_color_red_only,avoid_reach,color,fixed_train,20,2,avoid_color_ood_eval,150,0.0,0.0,1.0,1.0,0.015175454951822757,1.0591814637184143,400.0,157.0
results/bc_128px_v1/metrics/ood/metrics__scratch_bc_128__spatial_wide__budget005__seed000__eval_spatial_edge_ood_eval.json,ood,spatial_wide,reach,spatial_distribution,wide_train,5,0,spatial_edge_ood_eval,150,0.0,0.0,0.03333333333333333,0.13333333333333333,0.1381850759871304,0.2118525714923938,400.0,130.85
results/bc_128px_v1/metrics/ood/metrics__scratch_bc_128__avoid_color_multi__budget005__seed000__eval_avoid_color_ood_eval.json,ood,avoid_color_multi,avoid_reach,color,diverse_train,5,0,avoid_color_ood_eval,150,0.0,1.0,1.0,1.0,0.007855951810876529,0.534056423107783,400.0,144.0
results/bc_128px_v1/metrics/ood/metrics__scratch_bc_128__avoid_color_multi__budget050__seed000__eval_avoid_color_ood_eval.json,ood,avoid_color_multi,avoid_reach,color,diverse_train,50,0,avoid_color_ood_eval,150,0.0,0.0,1.0,1.0,0.014695448360095422,0.9084550444285074,400.0,149.53333333333333
results/bc_128px_v1/metrics/ood/metrics__scratch_bc_128__avoid_spatial_narrow__budget005__seed001__eval_avoid_spatial_edge_ood_eval.json,ood,avoid_spatial_narrow,avoid_reach,spatial_distribution,narrow_train,5,1,avoid_spatial_edge_ood_eval,150,0.006666666666666667,0.02,0.05333333333333334,0.18666666666666668,0.1120799924309055,0.4929096766312917,400.0,181.82142857142858
results/bc_128px_v1/metrics/ood/metrics__scratch_bc_128__camera_fixed__budget050__seed000__eval_camera_extreme_ood_eval.json,ood,camera_fixed,reach,camera_location_viewpoint,fixed_train,50,0,camera_extreme_ood_eval,150,1.0,1.0,1.0,1.0,0.000990607154672034,0.01168646612961311,260.8,78.86
results/bc_128px_v1/metrics/ood/metrics__scratch_bc_128__camera_fixed__budget020__seed001__eval_camera_extreme_ood_eval.json,ood,camera_fixed,reach,camera_location_viewpoint,fixed_train,20,1,camera_extreme_ood_eval,150,0.08666666666666667,1.0,1.0,1.0,0.0065087832013765974,0.13442751747866472,400.0,78.06666666666666
results/bc_128px_v1/metrics/ood/metrics__scratch_bc_128__lighting_fixed__budget005__seed001__eval_lighting_extreme_ood_eval.json,ood,lighting_fixed,reach,lighting_direction_intensity,fixed_train,5,1,lighting_extreme_ood_eval,150,0.0,0.0,0.41333333333333333,1.0,0.03322949860244989,0.10530589898427327,400.0,79.24
results/bc_128px_v1/metrics/ood/metrics__scratch_bc_128__lighting_diverse__budget020__seed001__eval_lighting_extreme_ood_eval.json,ood,lighting_diverse,reach,lighting_direction_intensity,diverse_train,20,1,lighting_extreme_ood_eval,150,0.0,0.41333333333333333,0.41333333333333333,1.0,0.021127394698560238,0.07119553645451863,400.0,66.50666666666666
results/bc_128px_v1/metrics/ood/metrics__scratch_bc_128__avoid_lighting_diverse__budget020__seed000__eval_avoid_lighting_extreme_ood_eval.json,ood,avoid_lighting_diverse,avoid_reach,lighting_direction_intensity,diverse_train,20,0,avoid_lighting_extreme_ood_eval,150,0.0,0.0,0.0,1.0,0.02294073597838481,1.0462102595965068,400.0,132.01333333333332
results/bc_128px_v1/metrics/ood/metrics__scratch_bc_128__avoid_spatial_wide__budget050__seed002__eval_avoid_spatial_edge_ood_eval.json,ood,avoid_spatial_wide,avoid_reach,spatial_distribution,wide_train,50,2,avoid_spatial_edge_ood_eval,150,0.0,0.02,0.13333333333333333,0.34,0.10177869947006304,0.4306448878347874,400.0,144.19607843137254
results/bc_128px_v1/metrics/ood/metrics__scratch_bc_128__avoid_color_red_only__budget005__seed002__eval_avoid_color_ood_eval.json,ood,avoid_color_red_only,avoid_reach,color,fixed_train,5,2,avoid_color_ood_eval,150,0.0,0.0,0.0,1.0,0.03503141467769941,0.5299727110068003,400.0,142.0
results/bc_128px_v1/metrics/ood/metrics__scratch_bc_128__lighting_fixed__budget020__seed002__eval_lighting_extreme_ood_eval.json,ood,lighting_fixed,reach,lighting_direction_intensity,fixed_train,20,2,lighting_extreme_ood_eval,150,0.0,0.0,0.5866666666666667,1.0,0.015220192596316337,0.24250774423281352,400.0,78.30666666666667
results/bc_128px_v1/metrics/ood/metrics__scratch_bc_128__color_red_only__budget005__seed001__eval_color_ood_eval.json,ood,color_red_only,reach,color,fixed_train,5,1,color_ood_eval,150,1.0,1.0,1.0,1.0,0.0032829259258384505,0.329444667895635,400.0,75.0
results/bc_128px_v1/metrics/ood/metrics__scratch_bc_128__avoid_spatial_narrow__budget005__seed002__eval_avoid_spatial_edge_ood_eval.json,ood,avoid_spatial_narrow,avoid_reach,spatial_distribution,narrow_train,5,2,avoid_spatial_edge_ood_eval,150,0.0,0.02,0.04666666666666667,0.18666666666666668,0.13456931959216795,0.5255971668163936,400.0,166.21428571428572
results/bc_128px_v1/metrics/ood/metrics__scratch_bc_128__avoid_lighting_fixed__budget005__seed001__eval_avoid_lighting_extreme_ood_eval.json,ood,avoid_lighting_fixed,avoid_reach,lighting_direction_intensity,fixed_train,5,1,avoid_lighting_extreme_ood_eval,150,0.0,0.0,1.0,1.0,0.011586501393467188,0.5392922699451447,400.0,149.48666666666668
results/bc_128px_v1/metrics/ood/metrics__scratch_bc_128__avoid_spatial_wide__budget050__seed001__eval_avoid_spatial_edge_ood_eval.json,ood,avoid_spatial_wide,avoid_reach,spatial_distribution,wide_train,50,1,avoid_spatial_edge_ood_eval,150,0.006666666666666667,0.02,0.09333333333333334,0.29333333333333333,0.09302602143958211,0.28420148021231095,400.0,138.86363636363637
results/bc_128px_v1/metrics/ood/metrics__scratch_bc_128__avoid_color_red_only__budget050__seed002__eval_avoid_color_ood_eval.json,ood,avoid_color_red_only,avoid_reach,color,fixed_train,50,2,avoid_color_ood_eval,150,0.0,0.0,0.0,1.0,0.020512299140294392,0.963142971197764,400.0,148.72
results/bc_128px_v1/metrics/ood/metrics__scratch_bc_128__spatial_narrow__budget005__seed000__eval_spatial_edge_ood_eval.json,ood,spatial_narrow,reach,spatial_distribution,narrow_train,5,0,spatial_edge_ood_eval,150,0.0,0.02,0.06,0.12666666666666668,0.1359711740196993,0.32459935029347736,400.0,112.21052631578948
results/bc_128px_v1/metrics/ood/metrics__scratch_bc_128__color_multi__budget020__seed001__eval_color_ood_eval.json,ood,color_multi,reach,color,diverse_train,20,1,color_ood_eval,150,0.0,1.0,1.0,1.0,0.009346953524897495,0.2739026939868927,400.0,75.51333333333334
results/bc_128px_v1/metrics/ood/metrics__scratch_bc_128__lighting_diverse__budget005__seed002__eval_lighting_extreme_ood_eval.json,ood,lighting_diverse,reach,lighting_direction_intensity,diverse_train,5,2,lighting_extreme_ood_eval,150,0.0,0.5866666666666667,1.0,1.0,0.010334529330333074,0.24555875976880392,400.0,74.24
results/bc_128px_v1/metrics/ood/metrics__scratch_bc_128__avoid_lighting_fixed__budget050__seed002__eval_avoid_lighting_extreme_ood_eval.json,ood,avoid_lighting_fixed,avoid_reach,lighting_direction_intensity,fixed_train,50,2,avoid_lighting_extreme_ood_eval,150,0.0,0.0,0.5133333333333333,1.0,0.027906968717773754,0.5029578673839569,400.0,142.54666666666665
results/bc_128px_v1/metrics/ood/metrics__scratch_bc_128__camera_multi_pose__budget050__seed002__eval_camera_extreme_ood_eval.json,ood,camera_multi_pose,reach,camera_location_viewpoint,diverse_train,50,2,camera_extreme_ood_eval,150,0.0,1.0,1.0,1.0,0.006410871176049113,0.020324951137105623,400.0,78.0
results/bc_128px_v1/metrics/ood/metrics__scratch_bc_128__avoid_lighting_fixed__budget005__seed002__eval_avoid_lighting_extreme_ood_eval.json,ood,avoid_lighting_fixed,avoid_reach,lighting_direction_intensity,fixed_train,5,2,avoid_lighting_extreme_ood_eval,150,0.0,0.0,0.0,1.0,0.029529934351642927,0.5679697827498118,400.0,142.46
results/bc_128px_v1/metrics/ood/metrics__scratch_bc_128__avoid_spatial_wide__budget005__seed000__eval_avoid_spatial_edge_ood_eval.json,ood,avoid_spatial_wide,avoid_reach,spatial_distribution,wide_train,5,0,avoid_spatial_edge_ood_eval,150,0.0,0.02,0.06666666666666667,0.21333333333333335,0.1228993952119102,0.39614453464746474,400.0,189.90625
results/bc_128px_v1/metrics/ood/metrics__scratch_bc_128__lighting_diverse__budget050__seed000__eval_lighting_extreme_ood_eval.json,ood,lighting_diverse,reach,lighting_direction_intensity,diverse_train,50,0,lighting_extreme_ood_eval,150,0.41333333333333333,0.41333333333333333,0.41333333333333333,0.41333333333333333,0.07920647887513041,0.203499392469724,400.0,77.54838709677419
results/bc_128px_v1/metrics/ood/metrics__scratch_bc_128__color_multi__budget050__seed002__eval_color_ood_eval.json,ood,color_multi,reach,color,diverse_train,50,2,color_ood_eval,150,1.0,1.0,1.0,1.0,0.004131696449282268,0.09401966740687688,400.0,79.52666666666667
results/bc_128px_v1/metrics/ood/metrics__scratch_bc_128__avoid_lighting_fixed__budget050__seed001__eval_avoid_lighting_extreme_ood_eval.json,ood,avoid_lighting_fixed,avoid_reach,lighting_direction_intensity,fixed_train,50,1,avoid_lighting_extreme_ood_eval,150,0.0,0.0,0.5133333333333333,1.0,0.01998952134201924,0.6902050618330637,400.0,144.76
results/bc_128px_v1/metrics/ood/metrics__scratch_bc_128__camera_fixed__budget005__seed001__eval_camera_extreme_ood_eval.json,ood,camera_fixed,reach,camera_location_viewpoint,fixed_train,5,1,camera_extreme_ood_eval,150,0.2866666666666667,1.0,1.0,1.0,0.005626662606373429,0.31435497999191286,400.0,75.78666666666666
results/bc_128px_v1/metrics/ood/metrics__scratch_bc_128__avoid_color_red_only__budget005__seed001__eval_avoid_color_ood_eval.json,ood,avoid_color_red_only,avoid_reach,color,fixed_train,5,1,avoid_color_ood_eval,150,0.0,0.0,1.0,1.0,0.01957290295511484,0.5130486710866292,400.0,150.0
results/bc_128px_v1/metrics/ood/metrics__scratch_bc_128__color_red_only__budget050__seed000__eval_color_ood_eval.json,ood,color_red_only,reach,color,fixed_train,50,0,color_ood_eval,150,0.4666666666666667,1.0,1.0,1.0,0.005738282739184797,0.023360347805234292,330.08,74.16
results/bc_128px_v1/metrics/ood/metrics__scratch_bc_128__avoid_color_red_only__budget050__seed001__eval_avoid_color_ood_eval.json,ood,avoid_color_red_only,avoid_reach,color,fixed_train,50,1,avoid_color_ood_eval,150,0.0,0.0,1.0,1.0,0.01304326814909776,0.6413055753707886,400.0,153.49333333333334
results/bc_128px_v1/metrics/ood/metrics__scratch_bc_128__avoid_spatial_narrow__budget050__seed000__eval_avoid_spatial_edge_ood_eval.json,ood,avoid_spatial_narrow,avoid_reach,spatial_distribution,narrow_train,50,0,avoid_spatial_edge_ood_eval,150,0.0,0.0,0.013333333333333334,0.18666666666666668,0.11684755499785145,0.2700908874471982,400.0,179.82142857142858
results/bc_128px_v1/metrics/ood/metrics__scratch_bc_128__color_multi__budget005__seed001__eval_color_ood_eval.json,ood,color_multi,reach,color,diverse_train,5,1,color_ood_eval,150,0.0,1.0,1.0,1.0,0.007529037287458778,0.3379889003435771,400.0,77.0
results/bc_128px_v1/metrics/ood/metrics__scratch_bc_128__avoid_camera_multi_pose__budget020__seed002__eval_avoid_camera_extreme_ood_eval.json,ood,avoid_camera_multi_pose,avoid_reach,camera_location_viewpoint,diverse_train,20,2,avoid_camera_extreme_ood_eval,150,0.0,0.0,1.0,1.0,0.017408976008494694,1.0637349637349447,400.0,142.0
results/bc_128px_v1/metrics/ood/metrics__scratch_bc_128__color_red_only__budget020__seed001__eval_color_ood_eval.json,ood,color_red_only,reach,color,fixed_train,20,1,color_ood_eval,150,0.0,0.0,1.0,1.0,0.016055721106628576,0.16797207574049633,400.0,74.50666666666666
results/bc_128px_v1/metrics/ood/metrics__scratch_bc_128__avoid_camera_multi_pose__budget050__seed001__eval_avoid_camera_extreme_ood_eval.json,ood,avoid_camera_multi_pose,avoid_reach,camera_location_viewpoint,diverse_train,50,1,avoid_camera_extreme_ood_eval,150,0.0,0.0,1.0,1.0,0.019400071687996387,0.9052673780918121,400.0,144.0
results/bc_128px_v1/metrics/ood/metrics__scratch_bc_128__camera_fixed__budget020__seed000__eval_camera_extreme_ood_eval.json,ood,camera_fixed,reach,camera_location_viewpoint,fixed_train,20,0,camera_extreme_ood_eval,150,0.0,1.0,1.0,1.0,0.0065500673496474825,0.028493716915448507,400.0,78.59333333333333
results/bc_128px_v1/metrics/ood/metrics__scratch_bc_128__avoid_camera_multi_pose__budget005__seed001__eval_avoid_camera_extreme_ood_eval.json,ood,avoid_camera_multi_pose,avoid_reach,camera_location_viewpoint,diverse_train,5,1,avoid_camera_extreme_ood_eval,150,0.0,0.0,1.0,1.0,0.01833072072515885,0.580252874692281,400.0,143.97333333333333
results/bc_128px_v1/metrics/ood/metrics__scratch_bc_128__camera_fixed__budget050__seed001__eval_camera_extreme_ood_eval.json,ood,camera_fixed,reach,camera_location_viewpoint,fixed_train,50,1,camera_extreme_ood_eval,150,0.9866666666666667,1.0,1.0,1.0,0.0034551023117577037,0.023557968131887416,394.46,78.15333333333334
results/bc_128px_v1/metrics/ood/metrics__scratch_bc_128__spatial_wide__budget020__seed002__eval_spatial_edge_ood_eval.json,ood,spatial_wide,reach,spatial_distribution,wide_train,20,2,spatial_edge_ood_eval,150,0.02,0.06,0.19333333333333333,0.3466666666666667,0.09289574386396755,0.24568719791481272,398.44666666666666,112.3076923076923
results/bc_128px_v1/metrics/ood/metrics__scratch_bc_128__lighting_diverse__budget050__seed001__eval_lighting_extreme_ood_eval.json,ood,lighting_diverse,reach,lighting_direction_intensity,diverse_train,50,1,lighting_extreme_ood_eval,150,0.0,0.41333333333333333,0.41333333333333333,1.0,0.028308943392088014,0.03803094208240509,400.0,109.74666666666667
results/bc_128px_v1/metrics/ood/metrics__scratch_bc_128__avoid_lighting_diverse__budget020__seed001__eval_avoid_lighting_extreme_ood_eval.json,ood,avoid_lighting_diverse,avoid_reach,lighting_direction_intensity,diverse_train,20,1,avoid_lighting_extreme_ood_eval,150,0.0,0.0,0.0,1.0,0.02429163453479608,0.8711375200748444,400.0,129.82666666666665
results/bc_128px_v1/metrics/ood/metrics__scratch_bc_128__avoid_spatial_wide__budget020__seed000__eval_avoid_spatial_edge_ood_eval.json,ood,avoid_spatial_wide,avoid_reach,spatial_distribution,wide_train,20,0,avoid_spatial_edge_ood_eval,150,0.0,0.0,0.06666666666666667,0.3333333333333333,0.08077563887462019,0.42154050519069036,400.0,150.48
results/bc_128px_v1/metrics/ood/metrics__scratch_bc_128__avoid_lighting_fixed__budget005__seed000__eval_avoid_lighting_extreme_ood_eval.json,ood,avoid_lighting_fixed,avoid_reach,lighting_direction_intensity,fixed_train,5,0,avoid_lighting_extreme_ood_eval,150,0.0,1.0,1.0,1.0,0.00887049786746502,0.6014273969332377,400.0,142.0
results/bc_128px_v1/metrics/ood/metrics__scratch_bc_128__avoid_camera_fixed__budget005__seed000__eval_avoid_camera_extreme_ood_eval.json,ood,avoid_camera_fixed,avoid_reach,camera_location_viewpoint,fixed_train,5,0,avoid_camera_extreme_ood_eval,150,0.0,1.0,1.0,1.0,0.00757176942192018,0.5465053272247314,400.0,144.0
results/bc_128px_v1/metrics/ood/metrics__scratch_bc_128__lighting_fixed__budget050__seed002__eval_lighting_extreme_ood_eval.json,ood,lighting_fixed,reach,lighting_direction_intensity,fixed_train,50,2,lighting_extreme_ood_eval,150,0.0,0.5866666666666667,1.0,1.0,0.010507714413106441,0.14990889728069307,400.0,78.97333333333333
results/bc_128px_v1/metrics/ood/metrics__scratch_bc_128__avoid_camera_fixed__budget050__seed000__eval_avoid_camera_extreme_ood_eval.json,ood,avoid_camera_fixed,avoid_reach,camera_location_viewpoint,fixed_train,50,0,avoid_camera_extreme_ood_eval,150,0.11333333333333333,0.37333333333333335,0.92,1.0,0.012442361979434888,0.7763908090194066,400.0,175.72666666666666
results/bc_128px_v1/metrics/ood/metrics__scratch_bc_128__spatial_narrow__budget020__seed002__eval_spatial_edge_ood_eval.json,ood,spatial_narrow,reach,spatial_distribution,narrow_train,20,2,spatial_edge_ood_eval,150,0.0,0.013333333333333334,0.11333333333333333,0.16666666666666666,0.13074152407857279,0.2741083927763005,400.0,129.6
results/bc_128px_v1/metrics/ood/metrics__scratch_bc_128__camera_multi_pose__budget020__seed002__eval_camera_extreme_ood_eval.json,ood,camera_multi_pose,reach,camera_location_viewpoint,diverse_train,20,2,camera_extreme_ood_eval,150,0.0,0.25333333333333335,1.0,1.0,0.010522467574725549,0.02538833849132061,400.0,77.82666666666667
results/bc_128px_v1/metrics/ood/metrics__scratch_bc_128__avoid_color_red_only__budget020__seed001__eval_avoid_color_ood_eval.json,ood,avoid_color_red_only,avoid_reach,color,fixed_train,20,1,avoid_color_ood_eval,150,0.0,0.0,1.0,1.0,0.015040017341574034,0.7521345500151316,400.0,176.42
results/bc_128px_v1/metrics/ood/metrics__scratch_bc_128__avoid_lighting_diverse__budget050__seed001__eval_avoid_lighting_extreme_ood_eval.json,ood,avoid_lighting_diverse,avoid_reach,lighting_direction_intensity,diverse_train,50,1,avoid_lighting_extreme_ood_eval,150,0.0,0.0,0.72,1.0,0.019732584382096928,0.9038278643290202,400.0,145.03333333333333
results/bc_128px_v1/metrics/ood/metrics__scratch_bc_128__camera_multi_pose__budget005__seed000__eval_camera_extreme_ood_eval.json,ood,camera_multi_pose,reach,camera_location_viewpoint,diverse_train,5,0,camera_extreme_ood_eval,150,0.0,1.0,1.0,1.0,0.008921452549596627,0.270599049727122,400.0,79.0
results/bc_128px_v1/metrics/ood/metrics__scratch_bc_128__avoid_spatial_wide__budget020__seed001__eval_avoid_spatial_edge_ood_eval.json,ood,avoid_spatial_wide,avoid_reach,spatial_distribution,wide_train,20,1,avoid_spatial_edge_ood_eval,150,0.0,0.0,0.17333333333333334,0.41333333333333333,0.1033196557747821,0.6011351861308019,400.0,134.08064516129033
results/bc_128px_v1/metrics/ood/metrics__scratch_bc_128__spatial_narrow__budget005__seed001__eval_spatial_edge_ood_eval.json,ood,spatial_narrow,reach,spatial_distribution,narrow_train,5,1,spatial_edge_ood_eval,150,0.0,0.0,0.02,0.08,0.13553938519830505,0.22946256039043267,400.0,113.25
results/bc_128px_v1/metrics/ood/metrics__scratch_bc_128__avoid_color_red_only__budget050__seed000__eval_avoid_color_ood_eval.json,ood,avoid_color_red_only,avoid_reach,color,fixed_train,50,0,avoid_color_ood_eval,150,0.0,0.0,1.0,1.0,0.018333946553369364,1.002026469707489,400.0,147.0
results/bc_128px_v1/metrics/ood/metrics__scratch_bc_128__color_red_only__budget005__seed002__eval_color_ood_eval.json,ood,color_red_only,reach,color,fixed_train,5,2,color_ood_eval,150,0.0,0.0,1.0,1.0,0.013162512605388959,0.2790565409262975,400.0,77.0
results/bc_128px_v1/metrics/ood/metrics__scratch_bc_128__color_multi__budget020__seed002__eval_color_ood_eval.json,ood,color_multi,reach,color,diverse_train,20,2,color_ood_eval,150,0.0,0.0,1.0,1.0,0.019439375263949236,0.20798652549584706,400.0,80.25333333333333
results/bc_128px_v1/metrics/ood/metrics__scratch_bc_128__avoid_color_red_only__budget005__seed000__eval_avoid_color_ood_eval.json,ood,avoid_color_red_only,avoid_reach,color,fixed_train,5,0,avoid_color_ood_eval,150,0.0,0.0,0.0,1.0,0.020499725316961606,0.5754557017485301,400.0,141.0
results/bc_128px_v1/metrics/ood/metrics__scratch_bc_128__avoid_lighting_diverse__budget005__seed002__eval_avoid_lighting_extreme_ood_eval.json,ood,avoid_lighting_diverse,avoid_reach,lighting_direction_intensity,diverse_train,5,2,avoid_lighting_extreme_ood_eval,150,0.0,0.0,0.0,1.0,0.025371961059669653,0.5436612345774968,400.0,122.95333333333333
results/bc_128px_v1/metrics/ood/metrics__scratch_bc_128__lighting_fixed__budget050__seed000__eval_lighting_extreme_ood_eval.json,ood,lighting_fixed,reach,lighting_direction_intensity,fixed_train,50,0,lighting_extreme_ood_eval,150,0.0,0.41333333333333333,0.41333333333333333,0.7333333333333333,0.02942862225075563,0.12963780929644902,400.0,77.61818181818182
results/bc_128px_v1/metrics/ood/metrics__scratch_bc_128__spatial_wide__budget005__seed001__eval_spatial_edge_ood_eval.json,ood,spatial_wide,reach,spatial_distribution,wide_train,5,1,spatial_edge_ood_eval,150,0.0,0.006666666666666667,0.03333333333333333,0.18666666666666668,0.13161380637747547,0.35311876874417064,400.0,134.67857142857142
results/bc_128px_v1/metrics/ood/metrics__scratch_bc_128__camera_fixed__budget005__seed002__eval_camera_extreme_ood_eval.json,ood,camera_fixed,reach,camera_location_viewpoint,fixed_train,5,2,camera_extreme_ood_eval,150,0.0,0.0,1.0,1.0,0.011853602069119612,0.2786582060654958,400.0,76.40666666666667
results/bc_128px_v1/metrics/ood/metrics__scratch_bc_128__color_multi__budget005__seed000__eval_color_ood_eval.json,ood,color_multi,reach,color,diverse_train,5,0,color_ood_eval,150,1.0,1.0,1.0,1.0,0.004244275065138936,0.2347258191307386,400.0,78.0
results/bc_128px_v1/metrics/ood/metrics__scratch_bc_128__avoid_color_multi__budget050__seed002__eval_avoid_color_ood_eval.json,ood,avoid_color_multi,avoid_reach,color,diverse_train,50,2,avoid_color_ood_eval,150,0.0,0.0,0.0,1.0,0.021107489677766957,0.9693386284510295,400.0,148.0
results/bc_128px_v1/metrics/ood/metrics__scratch_bc_128__color_red_only__budget020__seed000__eval_color_ood_eval.json,ood,color_red_only,reach,color,fixed_train,20,0,color_ood_eval,150,0.0,1.0,1.0,1.0,0.006928109374518196,0.12870371942718825,400.0,77.18666666666667
results/bc_128px_v1/metrics/ood/metrics__scratch_bc_128__avoid_color_multi__budget005__seed002__eval_avoid_color_ood_eval.json,ood,avoid_color_multi,avoid_reach,color,diverse_train,5,2,avoid_color_ood_eval,150,0.0,0.0,0.0,1.0,0.03189548301200072,0.5301483607292176,400.0,144.0
results/bc_128px_v1/metrics/ood/metrics__scratch_bc_128__avoid_spatial_wide__budget020__seed002__eval_avoid_spatial_edge_ood_eval.json,ood,avoid_spatial_wide,avoid_reach,spatial_distribution,wide_train,20,2,avoid_spatial_edge_ood_eval,150,0.02,0.06666666666666667,0.14,0.3333333333333333,0.09405711656901986,0.5661244623859724,400.0,155.4
results/bc_128px_v1/metrics/ood/metrics__scratch_bc_128__avoid_camera_fixed__budget005__seed002__eval_avoid_camera_extreme_ood_eval.json,ood,avoid_camera_fixed,avoid_reach,camera_location_viewpoint,fixed_train,5,2,avoid_camera_extreme_ood_eval,150,0.0,0.0,1.0,1.0,0.011600252793480953,0.5195060006777446,400.0,146.84666666666666
results/bc_128px_v1/metrics/ood/metrics__scratch_bc_128__avoid_lighting_fixed__budget020__seed001__eval_avoid_lighting_extreme_ood_eval.json,ood,avoid_lighting_fixed,avoid_reach,lighting_direction_intensity,fixed_train,20,1,avoid_lighting_extreme_ood_eval,150,0.0,0.0,0.28,0.7933333333333333,0.05831260083864132,0.6287622745831808,400.0,145.1764705882353
results/bc_128px_v1/metrics/ood/metrics__scratch_bc_128__avoid_color_red_only__budget020__seed000__eval_avoid_color_ood_eval.json,ood,avoid_color_red_only,avoid_reach,color,fixed_train,20,0,avoid_color_ood_eval,150,0.0,0.0,0.26,1.0,0.024540825399259725,0.46629448493321735,400.0,211.19333333333333
results/bc_128px_v1/metrics/ood/metrics__scratch_bc_128__lighting_diverse__budget050__seed002__eval_lighting_extreme_ood_eval.json,ood,lighting_diverse,reach,lighting_direction_intensity,diverse_train,50,2,lighting_extreme_ood_eval,150,0.0,0.22666666666666666,1.0,1.0,0.012188555573423703,0.05119112312793732,400.0,81.25333333333333
results/bc_128px_v1/metrics/ood/metrics__scratch_bc_128__spatial_wide__budget050__seed001__eval_spatial_edge_ood_eval.json,ood,spatial_wide,reach,spatial_distribution,wide_train,50,1,spatial_edge_ood_eval,150,0.02666666666666667,0.11333333333333333,0.44666666666666666,0.7933333333333333,0.036097659079047544,0.07689362848798434,400.0,93.89075630252101
results/bc_128px_v1/metrics/ood/metrics__scratch_bc_128__avoid_camera_fixed__budget020__seed001__eval_avoid_camera_extreme_ood_eval.json,ood,avoid_camera_fixed,avoid_reach,camera_location_viewpoint,fixed_train,20,1,avoid_camera_extreme_ood_eval,150,0.0,0.0,0.0,1.0,0.028566049138704936,1.1571648319562275,400.0,159.07333333333332
results/bc_128px_v1/metrics/ood/metrics__scratch_bc_128__spatial_narrow__budget020__seed000__eval_spatial_edge_ood_eval.json,ood,spatial_narrow,reach,spatial_distribution,narrow_train,20,0,spatial_edge_ood_eval,150,0.0,0.006666666666666667,0.03333333333333333,0.11333333333333333,0.1382186369597912,0.23740113196273646,400.0,97.23529411764706
results/bc_128px_v1/metrics/ood/metrics__scratch_bc_128__avoid_spatial_narrow__budget050__seed001__eval_avoid_spatial_edge_ood_eval.json,ood,avoid_spatial_narrow,avoid_reach,spatial_distribution,narrow_train,50,1,avoid_spatial_edge_ood_eval,150,0.0,0.02,0.06,0.22666666666666666,0.1312838376313448,0.24843577128524583,400.0,169.7941176470588
results/bc_128px_v1/metrics/ood/metrics__scratch_bc_128__camera_fixed__budget050__seed002__eval_camera_extreme_ood_eval.json,ood,camera_fixed,reach,camera_location_viewpoint,fixed_train,50,2,camera_extreme_ood_eval,150,0.0,1.0,1.0,1.0,0.006898143099000056,0.02758839312940836,400.0,78.48
results/bc_128px_v1/metrics/ood/metrics__scratch_bc_128__avoid_spatial_wide__budget005__seed002__eval_avoid_spatial_edge_ood_eval.json,ood,avoid_spatial_wide,avoid_reach,spatial_distribution,wide_train,5,2,avoid_spatial_edge_ood_eval,150,0.006666666666666667,0.006666666666666667,0.013333333333333334,0.25333333333333335,0.11946319389156997,0.23934300926824412,400.0,174.23684210526315
results/bc_128px_v1/metrics/ood/metrics__scratch_bc_128__avoid_camera_fixed__budget050__seed002__eval_avoid_camera_extreme_ood_eval.json,ood,avoid_camera_fixed,avoid_reach,camera_location_viewpoint,fixed_train,50,2,avoid_camera_extreme_ood_eval,150,0.0,0.0,0.03333333333333333,0.98,0.036057455322394766,1.0514360256989796,400.0,110.78231292517007
results/bc_128px_v1/metrics/ood/metrics__scratch_bc_128__color_red_only__budget050__seed001__eval_color_ood_eval.json,ood,color_red_only,reach,color,fixed_train,50,1,color_ood_eval,150,0.0,0.4666666666666667,1.0,1.0,0.012589033966263135,0.04039576591302951,400.0,73.38
results/bc_128px_v1/metrics/ood/metrics__scratch_bc_128__avoid_color_multi__budget020__seed002__eval_avoid_color_ood_eval.json,ood,avoid_color_multi,avoid_reach,color,diverse_train,20,2,avoid_color_ood_eval,150,0.0,0.0,1.0,1.0,0.01951845264683167,0.9045415461063385,400.0,129.26
results/bc_128px_v1/metrics/ood/metrics__scratch_bc_128__avoid_spatial_narrow__budget050__seed002__eval_avoid_spatial_edge_ood_eval.json,ood,avoid_spatial_narrow,avoid_reach,spatial_distribution,narrow_train,50,2,avoid_spatial_edge_ood_eval,150,0.0,0.0,0.006666666666666667,0.14666666666666667,0.13884876530617477,0.47608346161743004,400.0,169.04545454545453
results/bc_128px_v1/metrics/ood/metrics__scratch_bc_128__spatial_narrow__budget050__seed001__eval_spatial_edge_ood_eval.json,ood,spatial_narrow,reach,spatial_distribution,narrow_train,50,1,spatial_edge_ood_eval,150,0.006666666666666667,0.02,0.10666666666666667,0.17333333333333334,0.13881996637831132,0.3043729583049814,400.0,117.73076923076923
results/bc_128px_v1/metrics/ood/metrics__scratch_bc_128__avoid_camera_multi_pose__budget020__seed000__eval_avoid_camera_extreme_ood_eval.json,ood,avoid_camera_multi_pose,avoid_reach,camera_location_viewpoint,diverse_train,20,0,avoid_camera_extreme_ood_eval,150,0.0,1.0,1.0,1.0,0.006007410955304901,1.080590524673462,400.0,151.0
results/bc_128px_v1/metrics/ood/metrics__scratch_bc_128__avoid_spatial_wide__budget005__seed001__eval_avoid_spatial_edge_ood_eval.json,ood,avoid_spatial_wide,avoid_reach,spatial_distribution,wide_train,5,1,avoid_spatial_edge_ood_eval,150,0.006666666666666667,0.06666666666666667,0.16666666666666666,0.28,0.1112060075563689,0.3587111976991097,400.0,189.73809523809524
results/bc_128px_v1/metrics/ood/metrics__scratch_bc_128__avoid_lighting_diverse__budget005__seed000__eval_avoid_lighting_extreme_ood_eval.json,ood,avoid_lighting_diverse,avoid_reach,lighting_direction_intensity,diverse_train,5,0,avoid_lighting_extreme_ood_eval,150,0.0,0.0,1.0,1.0,0.01047641657292843,0.567721487681071,400.0,142.0
results/bc_128px_v1/metrics/ood/metrics__scratch_bc_128__camera_multi_pose__budget050__seed000__eval_camera_extreme_ood_eval.json,ood,camera_multi_pose,reach,camera_location_viewpoint,diverse_train,50,0,camera_extreme_ood_eval,150,1.0,1.0,1.0,1.0,0.004231517822481692,0.022727527990937232,400.0,79.0
results/bc_128px_v1/metrics/ood/metrics__scratch_bc_128__lighting_fixed__budget050__seed001__eval_lighting_extreme_ood_eval.json,ood,lighting_fixed,reach,lighting_direction_intensity,fixed_train,50,1,lighting_extreme_ood_eval,150,0.41333333333333333,0.41333333333333333,0.41333333333333333,1.0,0.02180819649870197,0.03151929572224617,400.0,86.10666666666667
results/bc_128px_v1/metrics/ood/metrics__scratch_bc_128__camera_multi_pose__budget020__seed001__eval_camera_extreme_ood_eval.json,ood,camera_multi_pose,reach,camera_location_viewpoint,diverse_train,20,1,camera_extreme_ood_eval,150,0.0,1.0,1.0,1.0,0.0096353180706501,0.21660688350598017,400.0,78.0
results/bc_128px_v1/metrics/ood/metrics__scratch_bc_128__spatial_wide__budget020__seed000__eval_spatial_edge_ood_eval.json,ood,spatial_wide,reach,spatial_distribution,wide_train,20,0,spatial_edge_ood_eval,150,0.0,0.006666666666666667,0.07333333333333333,0.16,0.13809435039137802,0.3356489711875717,400.0,100.95833333333333
results/bc_128px_v1/metrics/ood/metrics__scratch_bc_128__camera_multi_pose__budget005__seed001__eval_camera_extreme_ood_eval.json,ood,camera_multi_pose,reach,camera_location_viewpoint,diverse_train,5,1,camera_extreme_ood_eval,150,0.0,1.0,1.0,1.0,0.00795576000896593,0.3351690425475438,400.0,76.0
results/bc_128px_v1/metrics/ood/metrics__scratch_bc_128__spatial_wide__budget050__seed002__eval_spatial_edge_ood_eval.json,ood,spatial_wide,reach,spatial_distribution,wide_train,50,2,spatial_edge_ood_eval,150,0.0,0.013333333333333334,0.19333333333333333,0.48,0.07635485964206358,0.1898403033055365,400.0,88.91666666666667
results/bc_128px_v1/metrics/ood/metrics__scratch_bc_128__avoid_lighting_diverse__budget050__seed000__eval_avoid_lighting_extreme_ood_eval.json,ood,avoid_lighting_diverse,avoid_reach,lighting_direction_intensity,diverse_train,50,0,avoid_lighting_extreme_ood_eval,150,0.0,0.0,0.23333333333333334,1.0,0.020648138349254927,0.9017038722832997,400.0,145.14
results/bc_128px_v1/metrics/ood/metrics__scratch_bc_128__avoid_spatial_wide__budget050__seed000__eval_avoid_spatial_edge_ood_eval.json,ood,avoid_spatial_wide,avoid_reach,spatial_distribution,wide_train,50,0,avoid_spatial_edge_ood_eval,150,0.0,0.006666666666666667,0.08,0.34,0.09339098626747727,0.2881819357102116,400.0,185.1764705882353
results/bc_128px_v1/metrics/ood/metrics__scratch_bc_128__avoid_camera_fixed__budget005__seed001__eval_avoid_camera_extreme_ood_eval.json,ood,avoid_camera_fixed,avoid_reach,camera_location_viewpoint,fixed_train,5,1,avoid_camera_extreme_ood_eval,150,0.0,0.0,1.0,1.0,0.01885125598559777,0.5466815304756164,400.0,146.0
results/bc_128px_v1/metrics/ood/metrics__scratch_bc_128__avoid_camera_fixed__budget050__seed001__eval_avoid_camera_extreme_ood_eval.json,ood,avoid_camera_fixed,avoid_reach,camera_location_viewpoint,fixed_train,50,1,avoid_camera_extreme_ood_eval,150,0.04,0.58,0.8533333333333334,1.0,0.011878672504487138,0.7489793477455775,400.0,156.76
results/bc_128px_v1/metrics/ood/metrics__scratch_bc_128__color_red_only__budget005__seed000__eval_color_ood_eval.json,ood,color_red_only,reach,color,fixed_train,5,0,color_ood_eval,150,0.0,0.0,1.0,1.0,0.010812457278370857,0.27308039883772534,400.0,78.0
results/bc_128px_v1/metrics/ood/metrics__scratch_bc_128__avoid_camera_fixed__budget020__seed002__eval_avoid_camera_extreme_ood_eval.json,ood,avoid_camera_fixed,avoid_reach,camera_location_viewpoint,fixed_train,20,2,avoid_camera_extreme_ood_eval,150,0.0,0.0,0.9866666666666667,1.0,0.01596644985799988,1.0973165432612102,400.0,125.66666666666667
results/bc_128px_v1/metrics/ood/metrics__scratch_bc_128__color_multi__budget020__seed000__eval_color_ood_eval.json,ood,color_multi,reach,color,diverse_train,20,0,color_ood_eval,150,1.0,1.0,1.0,1.0,0.004085170660788814,0.174041877190272,400.0,77.0
results/bc_128px_v1/metrics/ood/metrics__scratch_bc_128__lighting_diverse__budget005__seed000__eval_lighting_extreme_ood_eval.json,ood,lighting_diverse,reach,lighting_direction_intensity,diverse_train,5,0,lighting_extreme_ood_eval,150,0.0,0.0,0.5866666666666667,1.0,0.014443768163522084,0.2721513787905375,400.0,81.65333333333334
results/bc_128px_v1/metrics/ood/metrics__scratch_bc_128__avoid_color_multi__budget020__seed001__eval_avoid_color_ood_eval.json,ood,avoid_color_multi,avoid_reach,color,diverse_train,20,1,avoid_color_ood_eval,150,0.0,0.0,1.0,1.0,0.012218830976635217,0.6204900391896566,400.0,147.0
results/bc_128px_v1/metrics/ood/metrics__scratch_bc_128__spatial_narrow__budget050__seed002__eval_spatial_edge_ood_eval.json,ood,spatial_narrow,reach,spatial_distribution,narrow_train,50,2,spatial_edge_ood_eval,150,0.013333333333333334,0.04,0.08666666666666667,0.17333333333333334,0.13535456462142367,0.29966865309203666,400.0,127.23076923076923
results/bc_128px_v1/metrics/ood/metrics__scratch_bc_128__lighting_fixed__budget020__seed000__eval_lighting_extreme_ood_eval.json,ood,lighting_fixed,reach,lighting_direction_intensity,fixed_train,20,0,lighting_extreme_ood_eval,150,0.0,0.5866666666666667,0.5866666666666667,1.0,0.015381167282660802,0.08085453793406487,400.0,79.01333333333334
results/bc_128px_v1/metrics/ood/metrics__scratch_bc_128__avoid_camera_multi_pose__budget050__seed000__eval_avoid_camera_extreme_ood_eval.json,ood,avoid_camera_multi_pose,avoid_reach,camera_location_viewpoint,diverse_train,50,0,avoid_camera_extreme_ood_eval,150,0.0,0.0,0.0,0.0,0.21120596061150232,0.5118936312198639,400.0,
results/bc_128px_v1/metrics/ood/metrics__scratch_bc_128__avoid_lighting_fixed__budget020__seed002__eval_avoid_lighting_extreme_ood_eval.json,ood,avoid_lighting_fixed,avoid_reach,lighting_direction_intensity,fixed_train,20,2,avoid_lighting_extreme_ood_eval,150,0.0,0.0,0.5133333333333333,1.0,0.024679989566405613,0.5267526147762934,400.0,142.21333333333334
results/bc_128px_v1/metrics/ood/metrics__scratch_bc_128__avoid_camera_multi_pose__budget005__seed000__eval_avoid_camera_extreme_ood_eval.json,ood,avoid_camera_multi_pose,avoid_reach,camera_location_viewpoint,diverse_train,5,0,avoid_camera_extreme_ood_eval,150,0.0,0.0,1.0,1.0,0.01265231100221475,0.5809058233102162,400.0,144.0
results/bc_128px_v1/metrics/ood/metrics__scratch_bc_128__color_multi__budget005__seed002__eval_color_ood_eval.json,ood,color_multi,reach,color,diverse_train,5,2,color_ood_eval,150,0.0,0.0,1.0,1.0,0.019669725075364113,0.261068847378095,400.0,81.0
results/bc_128px_v1/metrics/ood/metrics__scratch_bc_128__avoid_spatial_narrow__budget005__seed000__eval_avoid_spatial_edge_ood_eval.json,ood,avoid_spatial_narrow,avoid_reach,spatial_distribution,narrow_train,5,0,avoid_spatial_edge_ood_eval,150,0.0,0.03333333333333333,0.08666666666666667,0.20666666666666667,0.13739748888959488,0.5213870318979025,400.0,125.83870967741936
results/bc_128px_v1/metrics/ood/metrics__scratch_bc_128__color_red_only__budget020__seed002__eval_color_ood_eval.json,ood,color_red_only,reach,color,fixed_train,20,2,color_ood_eval,150,0.0,0.0,1.0,1.0,0.01392239843805631,0.06945003293454648,400.0,74.09333333333333
results/bc_128px_v1/metrics/ood/metrics__scratch_bc_128__spatial_narrow__budget005__seed002__eval_spatial_edge_ood_eval.json,ood,spatial_narrow,reach,spatial_distribution,narrow_train,5,2,spatial_edge_ood_eval,150,0.0,0.006666666666666667,0.03333333333333333,0.12666666666666668,0.1380662131185333,0.3033962750931581,400.0,104.15789473684211
results/bc_128px_v1/metrics/ood/metrics__scratch_bc_128__avoid_lighting_fixed__budget020__seed000__eval_avoid_lighting_extreme_ood_eval.json,ood,avoid_lighting_fixed,avoid_reach,lighting_direction_intensity,fixed_train,20,0,avoid_lighting_extreme_ood_eval,150,0.0,0.0,0.4866666666666667,0.7666666666666667,0.03564852027843396,0.7640895338853201,400.0,194.37391304347827
results/bc_128px_v1/metrics/ood/metrics__scratch_bc_128__lighting_diverse__budget020__seed002__eval_lighting_extreme_ood_eval.json,ood,lighting_diverse,reach,lighting_direction_intensity,diverse_train,20,2,lighting_extreme_ood_eval,150,0.5866666666666667,0.5866666666666667,1.0,1.0,0.005751820591588815,0.021959327881534894,400.0,74.22666666666667
results/bc_128px_v1/metrics/ood/metrics__scratch_bc_128__lighting_fixed__budget005__seed002__eval_lighting_extreme_ood_eval.json,ood,lighting_fixed,reach,lighting_direction_intensity,fixed_train,5,2,lighting_extreme_ood_eval,150,0.0,0.0,0.5866666666666667,1.0,0.01966932845612367,0.25447205066680906,400.0,78.41333333333333
results/bc_128px_v1/metrics/ood/metrics__scratch_bc_128__avoid_spatial_narrow__budget020__seed000__eval_avoid_spatial_edge_ood_eval.json,ood,avoid_spatial_narrow,avoid_reach,spatial_distribution,narrow_train,20,0,avoid_spatial_edge_ood_eval,150,0.0,0.03333333333333333,0.07333333333333333,0.22666666666666666,0.13204093292976418,0.3239188732703527,400.0,155.97058823529412
results/bc_128px_v1/metrics/ood/metrics__scratch_bc_128__camera_fixed__budget020__seed002__eval_camera_extreme_ood_eval.json,ood,camera_fixed,reach,camera_location_viewpoint,fixed_train,20,2,camera_extreme_ood_eval,150,0.0,0.4266666666666667,1.0,1.0,0.01001227849473556,0.02305184313406547,400.0,79.0
results/bc_128px_v1/metrics/ood/metrics__scratch_bc_128__avoid_lighting_diverse__budget050__seed002__eval_avoid_lighting_extreme_ood_eval.json,ood,avoid_lighting_diverse,avoid_reach,lighting_direction_intensity,diverse_train,50,2,avoid_lighting_extreme_ood_eval,150,0.0,0.0,0.0,1.0,0.02179141250749429,0.6848760064442952,400.0,149.48666666666668
results/bc_128px_v1/metrics/ood/metrics__scratch_bc_128__spatial_wide__budget005__seed002__eval_spatial_edge_ood_eval.json,ood,spatial_wide,reach,spatial_distribution,wide_train,5,2,spatial_edge_ood_eval,150,0.0,0.0,0.0,0.12,0.1381099489082893,0.5003749716281891,400.0,99.38888888888889
results/bc_128px_v1/metrics/ood/metrics__scratch_bc_128__avoid_color_multi__budget050__seed001__eval_avoid_color_ood_eval.json,ood,avoid_color_multi,avoid_reach,color,diverse_train,50,1,avoid_color_ood_eval,150,0.0,0.0,1.0,1.0,0.015209456166873376,0.9749394889672597,400.0,137.30666666666667
results/bc_128px_v1/metrics/ood/metrics__scratch_bc_128__lighting_diverse__budget005__seed001__eval_lighting_extreme_ood_eval.json,ood,lighting_diverse,reach,lighting_direction_intensity,diverse_train,5,1,lighting_extreme_ood_eval,150,0.0,0.5866666666666667,1.0,1.0,0.009699651263654232,0.20202206681172052,400.0,78.48
results/bc_128px_v1/metrics/ood/metrics__scratch_bc_128__camera_multi_pose__budget020__seed000__eval_camera_extreme_ood_eval.json,ood,camera_multi_pose,reach,camera_location_viewpoint,diverse_train,20,0,camera_extreme_ood_eval,150,0.0,1.0,1.0,1.0,0.006949001482377449,0.1703321890036265,400.0,78.0
results/bc_128px_v1/metrics/ood/metrics__scratch_bc_128__camera_multi_pose__budget050__seed001__eval_camera_extreme_ood_eval.json,ood,camera_multi_pose,reach,camera_location_viewpoint,diverse_train,50,1,camera_extreme_ood_eval,150,0.43333333333333335,1.0,1.0,1.0,0.004982469553748766,0.022236722745001315,400.0,78.93333333333334
results/bc_128px_v1/metrics/ood/metrics__scratch_bc_128__avoid_lighting_diverse__budget005__seed001__eval_avoid_lighting_extreme_ood_eval.json,ood,avoid_lighting_diverse,avoid_reach,lighting_direction_intensity,diverse_train,5,1,avoid_lighting_extreme_ood_eval,150,0.0,0.0,0.0,1.0,0.026964635315040748,0.5154277896881103,400.0,149.48666666666668
results/bc_128px_v1/metrics/ood/metrics__scratch_bc_128__color_multi__budget050__seed001__eval_color_ood_eval.json,ood,color_multi,reach,color,diverse_train,50,1,color_ood_eval,150,0.7866666666666666,1.0,1.0,1.0,0.0041168465030690035,0.052494954926272236,400.0,77.3
results/bc_128px_v1/metrics/ood/metrics__scratch_bc_128__avoid_color_multi__budget005__seed001__eval_avoid_color_ood_eval.json,ood,avoid_color_multi,avoid_reach,color,diverse_train,5,1,avoid_color_ood_eval,150,0.0,0.0,0.0,1.0,0.026247444252173107,0.5445195066928864,400.0,145.0
results/bc_128px_v1/metrics/ood/metrics__scratch_bc_128__lighting_fixed__budget020__seed001__eval_lighting_extreme_ood_eval.json,ood,lighting_fixed,reach,lighting_direction_intensity,fixed_train,20,1,lighting_extreme_ood_eval,150,0.5866666666666667,0.5866666666666667,0.5866666666666667,0.8133333333333334,0.03468232429896792,0.16061068058013916,400.0,77.93442622950819
