split,budget,axis,task,train_config,variant,eval_config,n_models,rollouts_total,success_rate_at_0p5cm_mean,success_rate_at_0p5cm_std,success_rate_at_0p5cm_ci95,success_rate_at_1cm_mean,success_rate_at_1cm_std,success_rate_at_1cm_ci95,success_rate_at_2cm_mean,success_rate_at_2cm_std,success_rate_at_2cm_ci95,success_rate_at_5cm_mean,success_rate_at_5cm_std,success_rate_at_5cm_ci95,mean_best_distance_mean,mean_best_distance_std,mean_best_distance_ci95,mean_final_distance_mean,mean_final_distance_std,mean_final_distance_ci95,mean_steps_mean,mean_steps_std,mean_steps_ci95,mean_success_steps_mean,mean_success_steps_std,mean_success_steps_ci95
id,5,camera_location_viewpoint,avoid_reach,avoid_camera_fixed,fixed_train,avoid_camera_fixed,3,450,0.0,0.0,0.0,0.3333333333333333,0.5773502691896257,0.6533333333333333,1.0,0.0,0.0,1.0,0.0,0.0,0.012706443046530088,0.0057766732731577885,0.006536921183785205,0.5375027457873026,0.01564335542926553,0.01770212311750628,400.0,0.0,0.0,145.66666666666666,1.5275252316519468,1.728557523228866
id,5,camera_location_viewpoint,avoid_reach,avoid_camera_multi_pose,diverse_train,avoid_camera_multi_pose,3,450,0.0,0.0,0.0,0.0,0.0,0.0,0.6666666666666666,0.5773502691896257,0.6533333333333333,1.0,0.0,0.0,0.02238813550728891,0.012329052738291785,0.013951636557919478,0.5591491341590881,0.0369465613452693,0.04180896999111162,400.0,0.0,0.0,143.33333333333334,1.1547005383792515,1.3066666666666666
id,5,camera_location_viewpoint,reach,camera_fixed,fixed_train,camera_fixed,3,450,0.0,0.0,0.0,0.3333333333333333,0.5773502691896257,0.6533333333333333,0.6666666666666666,0.5773502691896257,0.6533333333333333,1.0,0.0,0.0,0.014643861912190914,0.011015411512208664,0.012465111571544023,0.2882818579673767,0.0252595385669964,0.028583858726871768,400.0,0.0,0.0,79.0,5.196152422706632,5.88
id,5,camera_location_viewpoint,reach,camera_multi_pose,diverse_train,camera_multi_pose,3,450,0.0,0.0,0.0,0.6666666666666666,0.5773502691896257,0.6533333333333333,0.6666666666666666,0.5773502691896257,0.6533333333333333,1.0,0.0,0.0,0.015492647455798253,0.011972280887534483,0.013547911202734417,0.28208794173267154,0.048624173357255815,0.055023431970791965,400.0,0.0,0.0,79.66666666666667,4.041451884327381,4.573333333333334
id,5,color,avoid_reach,avoid_color_multi,diverse_train,avoid_color_multi,3,450,0.0,0.0,0.0,0.3333333333333333,0.5773502691896257,0.6533333333333333,0.3333333333333333,0.5773502691896257,0.6533333333333333,1.0,0.0,0.0,0.02203246996841497,0.01251463076895644,0.014161637868800918,0.5361928164958955,0.007382926932356888,0.008354568309535031,400.0,0.0,0.0,144.33333333333334,0.5773502691896257,0.6533333333333333
id,5,color,avoid_reach,avoid_color_red_only,fixed_train,avoid_color_red_only,3,450,0.0,0.0,0.0,0.0,0.0,0.0,0.3333333333333333,0.5773502691896257,0.6533333333333333,1.0,0.0,0.0,0.025071161488691967,0.008638191649786353,0.009775034057658828,0.5395079255104065,0.032272127522157155,0.036519350163989155,400.0,0.0,0.0,144.33333333333334,4.932882862316247,5.582082446940786
id,5,color,reach,color_multi,diverse_train,color_multi,3,450,0.3333333333333333,0.5773502691896257,0.6533333333333333,0.6666666666666666,0.5773502691896257,0.6533333333333333,1.0,0.0,0.0,1.0,0.0,0.0,0.010474416949889728,0.008131584247496482,0.009201753814291221,0.2787730271948708,0.053218283030425396,0.06022215646551456,400.0,0.0,0.0,78.66666666666667,2.0816659994661326,2.35562683330314
id,5,color,reach,color_red_only,fixed_train,color_red_only,3,450,0.3333333333333333,0.5773502691896257,0.6533333333333333,0.3333333333333333,0.5773502691896257,0.6533333333333333,1.0,0.0,0.0,1.0,0.0,0.0,0.009121479000896215,0.004660351299285163,0.005273683951234601,0.28985340396563214,0.02746529636052898,0.03107990864436354,400.0,0.0,0.0,77.0,1.0,1.1316065276116665
id,5,lighting_direction_intensity,avoid_reach,avoid_lighting_diverse,diverse_train,avoid_lighting_diverse,3,450,0.0,0.0,0.0,0.0,0.0,0.0,0.3333333333333333,0.5773502691896257,0.6533333333333333,1.0,0.0,0.0,0.02146647325820393,0.00951439939242417,0.010766556458771663,0.5541502708858913,0.03336717053104137,0.03775850798085805,400.0,0.0,0.0,136.14888888888888,16.570450719187964,18.751230199300533
id,5,lighting_direction_intensity,avoid_reach,avoid_lighting_fixed,fixed_train,avoid_lighting_fixed,3,450,0.0,0.0,0.0,0.3333333333333333,0.5773502691896257,0.6533333333333333,0.6666666666666666,0.5773502691896257,0.6533333333333333,1.0,0.0,0.0,0.016915653211375076,0.011850866951323796,0.013410518399975377,0.5722631216049194,0.030056414563705263,0.03401203491689124,400.0,0.0,0.0,144.0,4.358898943540674,4.932558497710224
id,5,lighting_direction_intensity,reach,lighting_diverse,diverse_train,lighting_diverse,3,450,0.0,0.0,0.0,0.0,0.0,0.0,0.6666666666666666,0.5773502691896257,0.6533333333333333,1.0,0.0,0.0,0.017607405618247057,0.004361003894187828,0.004934940473602844,0.24883143699003588,0.021250343399894615,0.02404702730531024,400.0,0.0,0.0,80.55555555555556,4.311892254546121,4.879365421602577
id,5,lighting_direction_intensity,reach,lighting_fixed,fixed_train,lighting_fixed,3,450,0.0,0.0,0.0,0.0,0.0,0.0,1.0,0.0,0.0,1.0,0.0,0.0,0.016426455850402515,0.0029457486069595362,0.0033334283523383844,0.1819058128943046,0.1364478789344484,0.15440531048098824,400.0,0.0,0.0,81.33333333333333,3.0550504633038935,3.457115046457732
id,5,spatial_distribution,avoid_reach,avoid_spatial_narrow,narrow_train,avoid_spatial_narrow,3,450,0.008888888888888889,0.015396007178390021,0.017422222222222224,0.022222222222222223,0.03849001794597505,0.043555555555555556,0.08666666666666667,0.07512951779723097,0.08501705275566344,0.41111111111111115,0.21810632813004388,0.24681054462536972,0.06974232405152482,0.021414253351951035,0.024232508876997804,0.48747524282830357,0.020139786127322232,0.022790313446380727,399.3866666666667,1.062324495308897,1.202133333333317,134.52983785220627,19.236163429643497,21.767768103189404
id,5,spatial_distribution,avoid_reach,avoid_spatial_wide,wide_train,avoid_spatial_wide,3,450,0.0044444444444444444,0.007698003589195011,0.008711111111111112,0.03333333333333333,0.03711842908553348,0.042003456647880424,0.12,0.08666666666666667,0.09807256572634443,0.37333333333333335,0.06359594676112973,0.07196558848453842,0.08244129105160634,0.003550689069434169,0.0040179829284911,0.2839478238444361,0.08924438472614704,0.10098952830879492,400.0,0.0,0.0,183.02819926069355,14.282149135906414,16.16177319051502
id,5,spatial_distribution,reach,spatial_narrow,narrow_train,spatial_narrow,3,450,0.008888888888888889,0.010183501544346312,0.011523716821525774,0.04222222222222222,0.036717136981907345,0.041549351883938074,0.18444444444444444,0.09828153061109325,0.11121602158317895,0.5533333333333333,0.00666666666666671,0.007544043517411159,0.04885123003429423,0.005454367911749189,0.006172198332930996,0.22545777804321712,0.05863668288420225,0.06635365310925855,400.0,0.0,0.0,96.56394101376469,11.873102530927582,13.43568032700025
id,5,spatial_distribution,reach,spatial_wide,wide_train,spatial_wide,3,450,0.0022222222222222222,0.0038490017945975053,0.004355555555555556,0.0044444444444444444,0.007698003589195011,0.008711111111111112,0.044444444444444446,0.03906310184721543,0.044204061039068335,0.1711111111111111,0.03150543750835072,0.03565175873971111,0.10395063804152112,0.005069607965351711,0.005736801466024096,0.3268557822331786,0.15474308807491727,0.1751082885683634,400.0,0.0,0.0,124.47315900944933,17.769669165596117,20.10827362128832
id,20,camera_location_viewpoint,avoid_reach,avoid_camera_fixed,fixed_train,avoid_camera_fixed,3,450,0.0,0.0,0.0,0.3333333333333333,0.5773502691896257,0.6533333333333333,0.6666666666666666,0.5773502691896257,0.6533333333333333,1.0,0.0,0.0,0.017184291190157335,0.011795139830443283,0.013347457226221986,1.0079928636550903,0.2004891110052315,0.22687478672857997,400.0,0.0,0.0,159.0,18.0,20.36891749701
id,20,camera_location_viewpoint,avoid_reach,avoid_camera_multi_pose,diverse_train,avoid_camera_multi_pose,3,450,0.0,0.0,0.0,0.3333333333333333,0.5773502691896257,0.6533333333333333,0.6666666666666666,0.5773502691896257,0.6533333333333333,1.0,0.0,0.0,0.016003763870232637,0.009373717260341226,0.010607359639788278,1.0884041062990824,0.029374702944322338,0.0332406055984488,400.0,0.0,0.0,146.66666666666666,4.509249752822894,5.102696454925681
id,20,camera_location_viewpoint,reach,camera_fixed,fixed_train,camera_fixed,3,450,0.0,0.0,0.0,0.6666666666666666,0.5773502691896257,0.6533333333333333,1.0,0.0,0.0,1.0,0.0,0.0,0.008040764834731817,0.0017491543074350476,0.0019793544320935636,0.024909262855847675,0.004503589727000302,0.0050962915327583845,400.0,0.0,0.0,78.66666666666667,0.5773502691896257,0.6533333333333333
id,20,camera_location_viewpoint,reach,camera_multi_pose,diverse_train,camera_multi_pose,3,450,0.0,0.0,0.0,0.688888888888889,0.5388602512436507,0.6097777777777778,1.0,0.0,0.0,1.0,0.0,0.0,0.009111653248675996,0.0019048894188110452,0.0021555853007049724,0.1374965661805537,0.09971425179352207,0.1128372982254629,400.0,0.0,0.0,77.98222222222222,0.03079201435677665,0.03484444444444061
id,20,color,avoid_reach,avoid_color_multi,diverse_train,avoid_color_multi,3,450,0.0,0.0,0.0,0.0,0.0,0.0,0.6666666666666666,0.5773502691896257,0.6533333333333333,1.0,0.0,0.0,0.0188645983984073,0.006289133545771923,0.007116824573417014,0.8687561841805777,0.23208984037885133,0.26263437836505793,400.0,0.0,0.0,134.42,10.953045238653953,12.394537489286698
id,20,color,avoid_reach,avoid_color_red_only,fixed_train,avoid_color_red_only,3,450,0.0,0.0,0.0,0.0,0.0,0.0,1.0,0.0,0.0,1.0,0.0,0.0,0.014711497661968073,0.00028584048849414307,0.00032345896263567977,0.9647542238235474,0.17431349099328378,0.19725428425877736,400.0,0.0,0.0,148.33333333333334,22.300971578236975,25.23592501001521
id,20,color,reach,color_multi,diverse_train,color_multi,3,450,0.3333333333333333,0.5773502691896257,0.6533333333333333,0.5977777777777779,0.5279029091428474,0.5973783779312347,0.9044444444444445,0.1655070771676927,0.18728888888888887,1.0,0.0,0.0,0.011112298101393714,0.007838892277170828,0.00887054167009119,0.2188079038924641,0.050210442730661574,0.05681846474828839,400.0,0.0,0.0,77.59777777777778,2.1661059103411375,2.4511795876402425
id,20,color,reach,color_red_only,fixed_train,color_red_only,3,450,0.0,0.0,0.0,0.6666666666666666,0.5773502691896257,0.6533333333333333,1.0,0.0,0.0,1.0,0.0,0.0,0.008247703469047943,0.0017476642218436065,0.0019776682415115886,0.07379141201575597,0.0799358099935963,0.09045588437867946,400.0,0.0,0.0,78.66666666666667,1.1547005383792515,1.3066666666666666
id,20,lighting_direction_intensity,avoid_reach,avoid_lighting_diverse,diverse_train,avoid_lighting_diverse,3,450,0.0,0.0,0.0,0.0,0.0,0.0,0.3333333333333333,0.5773502691896257,0.6533333333333333,1.0,0.0,0.0,0.020701661590072844,0.005228530019049287,0.005916638699369724,0.8626363530423906,0.2665359203345634,0.30161378729357513,400.0,0.0,0.0,130.32,11.070989115702353,12.528003550446495
id,20,lighting_direction_intensity,avoid_reach,avoid_lighting_fixed,fixed_train,avoid_lighting_fixed,3,450,0.0,0.0,0.0,0.0,0.0,0.0,0.6666666666666666,0.5773502691896257,0.6533333333333333,1.0,0.0,0.0,0.02158987397948901,0.005176248084286147,0.005857476120715588,0.8150175015131632,0.26005824222266055,0.2942836044583786,400.0,0.0,0.0,134.0,13.0,14.710884858951665
id,20,lighting_direction_intensity,reach,lighting_diverse,diverse_train,lighting_diverse,3,450,0.0,0.0,0.0,0.62,0.5414794548272354,0.612741685650106,1.0,0.0,0.0,1.0,0.0,0.0,0.01027470915267865,0.0018056771297494528,0.002043316026783579,0.09046705743918816,0.06426138867588424,0.07271860689902104,400.0,0.0,0.0,78.70222222222223,0.9042205565097573,1.023221884147095
id,20,lighting_direction_intensity,reach,lighting_fixed,fixed_train,lighting_fixed,3,450,0.3333333333333333,0.5773502691896257,0.6533333333333333,0.3333333333333333,0.5773502691896257,0.6533333333333333,1.0,0.0,0.0,1.0,0.0,0.0,0.010770913368711868,0.005692431081890041,0.006441592170246312,0.19954334696133932,0.05000973557617727,0.05659134322213559,400.0,0.0,0.0,78.0,0.0,0.0
id,20,spatial_distribution,avoid_reach,avoid_spatial_narrow,narrow_train,avoid_spatial_narrow,3,450,0.0,0.0,0.0,0.0,0.0,0.0,0.03333333333333333,0.041633319989322654,0.04711253666606279,0.46222222222222226,0.06677768533918542,0.07556606462862012,0.061584960458179315,0.008218097375204878,0.009299652634330142,0.3237976338466008,0.08134709075966624,0.09205289890585701,400.0,0.0,0.0,126.0833931459817,2.4826680493069238,2.8094033704886376
id,20,spatial_distribution,avoid_reach,avoid_spatial_wide,wide_train,avoid_spatial_wide,3,450,0.0,0.0,0.0,0.011111111111111112,0.01387777332977422,0.0157041788886876,0.14666666666666667,0.043716256828679995,0.049469601590082374,0.48666666666666664,0.033333333333333354,0.03772021758705557,0.06585250249649915,0.00680223752586392,0.007697456386632644,0.49002262069947183,0.07322060328236192,0.08285691262998497,400.0,0.0,0.0,143.2406316934923,8.98613967330832,10.168774312345864
id,20,spatial_distribution,reach,spatial_narrow,narrow_train,spatial_narrow,3,450,0.015555555555555557,0.01387777332977422,0.0157041788886876,0.044444444444444446,0.027755546659548436,0.0314083577773752,0.34,0.1642491332633989,0.1858653913554207,0.6244444444444445,0.13238552007650206,0.14980831867983505,0.04487996587879025,0.012046549520468361,0.01363195407255919,0.1392885985043055,0.02622238847722955,0.029673425970401908,399.3644444444444,1.1008145132549025,1.2456888888889073,106.57899991828565,19.850302366676363,22.462731733196286
id,20,spatial_distribution,reach,spatial_wide,wide_train,spatial_wide,3,450,0.022222222222222223,0.01018350154434631,0.011523716821525773,0.06222222222222223,0.02341256389522831,0.02649381013196558,0.24,0.0819213715162967,0.0927027587587418,0.46444444444444444,0.10631887745693944,0.12031113573861753,0.077910936392792,0.021832850745814442,0.024706196420334864,0.21728849190804692,0.037726856238185655,0.04269195678539781,400.0,0.0,0.0,104.45423481869265,8.554922524860078,9.680806172343745
id,50,camera_location_viewpoint,avoid_reach,avoid_camera_fixed,fixed_train,avoid_camera_fixed,3,450,0.0,0.0,0.0,0.0,0.0,0.0,1.0,0.0,0.0,1.0,0.0,0.0,0.016983421829839546,0.0036836329672339453,0.004168423111047465,0.8760658502578735,0.14364169121518225,0.16254587541627963,400.0,0.0,0.0,144.66666666666666,4.932882862316247,5.582082446940786
id,50,camera_location_viewpoint,avoid_reach,avoid_camera_multi_pose,diverse_train,avoid_camera_multi_pose,3,450,0.0,0.0,0.0,0.0,0.0,0.0,0.3333333333333333,0.5773502691896257,0.6533333333333333,0.6666666666666666,0.5773502691896257,0.6533333333333333,0.08528212074190378,0.109091133657955,0.12344823895189867,0.8715126399199168,0.34398201070801443,0.3892522886981753,400.0,0.0,0.0,155.0,15.556349186104045,21.56
id,50,camera_location_viewpoint,reach,camera_fixed,fixed_train,camera_fixed,3,450,0.6666666666666666,0.5773502691896257,0.6533333333333333,1.0,0.0,0.0,1.0,0.0,0.0,1.0,0.0,0.0,0.004066273725281159,0.0028303555660452425,0.0032028488339988096,0.025055749341845512,0.0026535884551018313,0.00300281801738819,400.0,0.0,0.0,78.33333333333333,0.5773502691896257,0.6533333333333333
id,50,camera_location_viewpoint,reach,camera_multi_pose,diverse_train,camera_multi_pose,3,450,0.4066666666666667,0.5254839039716948,0.5946410158892319,1.0,0.0,0.0,1.0,0.0,0.0,1.0,0.0,0.0,0.00527160129406386,0.0010763306506624245,0.001217982790158112,0.02176578328427341,0.0012695078250119366,0.0014365833416375969,400.0,0.0,0.0,78.66666666666667,0.5773502691896257,0.6533333333333333
id,50,color,avoid_reach,avoid_color_multi,diverse_train,avoid_color_multi,3,450,0.0,0.0,0.0,0.0,0.0,0.0,0.6666666666666666,0.5773502691896257,0.6533333333333333,1.0,0.0,0.0,0.01730239705286092,0.003353581010158639,0.0037949341619700427,0.9686204722192553,0.05850222477481907,0.06620149943499022,400.0,0.0,0.0,140.66666666666666,14.46835627614047,16.37248640589178
id,50,color,avoid_reach,avoid_color_red_only,fixed_train,avoid_color_red_only,3,450,0.0,0.0,0.0,0.0,0.0,0.0,0.6666666666666666,0.5773502691896257,0.6533333333333333,1.0,0.0,0.0,0.0181140440205733,0.0023260537407818914,0.0026321775966443237,0.8727632164955139,0.18852726512809945,0.21333868385173266,400.0,0.0,0.0,148.33333333333334,1.1547005383792515,1.3066666666666666
id,50,color,reach,color_multi,diverse_train,color_multi,3,450,1.0,0.0,0.0,1.0,0.0,0.0,1.0,0.0,0.0,1.0,0.0,0.0,0.003337845698568142,0.0015990423897498537,0.0018094868061686931,0.05496768975837363,0.05736021664083461,0.06490919557598779,400.0,0.0,0.0,78.66666666666667,0.5773502691896257,0.6533333333333333
id,50,color,reach,color_red_only,fixed_train,color_red_only,3,450,0.6666666666666666,0.5773502691896257,0.6533333333333333,1.0,0.0,0.0,1.0,0.0,0.0,1.0,0.0,0.0,0.0037275206802102425,0.0025642066226509524,0.002901672952336883,0.01133980262481297,0.010505827363539588,0.011888462822542661,308.3333333333333,158.77132402714707,179.66666666666666,79.0,1.0,1.1316065276116665
id,50,lighting_direction_intensity,avoid_reach,avoid_lighting_diverse,diverse_train,avoid_lighting_diverse,3,450,0.0,0.0,0.0,0.0,0.0,0.0,0.12666666666666668,0.2193931022920578,0.2482666666666667,1.0,0.0,0.0,0.020622159884207777,0.0005667894818147665,0.0006413826774032237,0.8494519845644634,0.11198166609614,0.1267191843272221,400.0,0.0,0.0,148.31111111111113,1.7417020198432145,1.970921374809006
id,50,lighting_direction_intensity,avoid_reach,avoid_lighting_fixed,fixed_train,avoid_lighting_fixed,3,450,0.0,0.0,0.0,0.0,0.0,0.0,0.3333333333333333,0.5773502691896257,0.6533333333333333,1.0,0.0,0.0,0.020061619579792023,0.0018583036428238113,0.0021028685325039636,0.7606944044431051,0.23329788735183565,0.2640014122053485,400.0,0.0,0.0,141.33333333333334,9.865765724632494,11.164164893881573
id,50,lighting_direction_intensity,reach,lighting_diverse,diverse_train,lighting_diverse,3,450,0.6666666666666666,0.5773502691896257,0.6533333333333333,1.0,0.0,0.0,1.0,0.0,0.0,1.0,0.0,0.0,0.005044041729221741,0.0021617798469923282,0.0024462841861158683,0.0680837370455265,0.05430391939694192,0.06145066966447728,400.0,0.0,0.0,78.86,0.2424871130596438,0.2744000000000011
id,50,lighting_direction_intensity,reach,lighting_fixed,fixed_train,lighting_fixed,3,450,0.6666666666666666,0.5773502691896257,0.6533333333333333,1.0,0.0,0.0,1.0,0.0,0.0,1.0,0.0,0.0,0.0038838571636006236,0.003028886934708937,0.003427508226714325,0.06420695719619592,0.06037626845371426,0.0683221794950574,400.0,0.0,0.0,78.66666666666667,0.5773502691896257,0.6533333333333333
id,50,spatial_distribution,avoid_reach,avoid_spatial_narrow,narrow_train,avoid_spatial_narrow,3,450,0.013333333333333334,0.023094010767585032,0.02613333333333334,0.022222222222222223,0.03849001794597505,0.043555555555555556,0.05777777777777778,0.06677768533918542,0.07556606462862012,0.44222222222222224,0.2280675663368529,0.2580827468032895,0.07953613612490396,0.042023585303600966,0.04755416344320055,0.35139844756159516,0.22148493847277279,0.25063380214345804,400.0,0.0,0.0,147.60008818342155,16.499296923357914,18.670712099474905
id,50,spatial_distribution,avoid_reach,avoid_spatial_wide,wide_train,avoid_spatial_wide,3,450,0.0,0.0,0.0,0.017777777777777778,0.013877773329774218,0.0157041788886876,0.1822222222222222,0.0619438216211838,0.07009603289174428,0.46444444444444444,0.06577177149754998,0.07442776595921052,0.064917882124169,0.004472524101043603,0.0050611374676414415,0.2845739962781469,0.060799570622787846,0.06880119099273324,400.0,0.0,0.0,160.05617510061953,29.47413922741019,33.353128345472456
id,50,spatial_distribution,reach,spatial_narrow,narrow_train,spatial_narrow,3,450,0.031111111111111114,0.02341256389522831,0.02649381013196558,0.19111111111111112,0.12116716337969409,0.1371135530126511,0.6333333333333333,0.32829526005987014,0.37150105926771865,0.7844444444444445,0.20180665481080134,0.22836572789937712,0.02860209616340904,0.016288086974173964,0.018431705542281816,0.10459311105543749,0.09589361986499037,0.10851384619553489,399.43777777777774,0.9737974540331692,1.101955555555556,98.3789970501475,25.37019627952412,28.70907971669871
id,50,spatial_distribution,reach,spatial_wide,wide_train,spatial_wide,3,450,0.017777777777777778,0.015396007178390021,0.017422222222222224,0.07111111111111111,0.02775554665954844,0.0314083577773752,0.2866666666666667,0.13316656236958785,0.15069215123703172,0.5733333333333334,0.1953913451967046,0.22110612166341537,0.0522092446583944,0.0165785090598493,0.01876034907019462,0.1377186868774394,0.06302329966653872,0.07131757729428138,400.0,0.0,0.0,100.48704277032452,3.399836271311656,3.8472769174271786
ood,5,camera_location_viewpoint,avoid_reach,avoid_camera_fixed,fixed_train,avoid_camera_extreme_ood_eval,3,450,0.0,0.0,0.0,0.3333333333333333,0.5773502691896257,0.6533333333333333,1.0,0.0,0.0,1.0,0.0,0.0,0.012674426066999636,0.005715950529107316,0.006468206930243198,0.5375642861260308,0.01563918210442112,0.017697400555870497,400.0,0.0,0.0,145.61555555555557,1.4617544000022449,1.6541308208076153
ood,5,camera_location_viewpoint,avoid_reach,avoid_camera_multi_pose,diverse_train,avoid_camera_extreme_ood_eval,3,450,0.0,0.0,0.0,0.0,0.0,0.0,0.6666666666666666,0.5773502691896257,0.6533333333333333,1.0,0.0,0.0,0.022410957842237417,0.012316538317603369,0.013937475157779185,0.5592134585645464,0.03700824783658255,0.04187877482734714,400.0,0.0,0.0,143.32444444444445,1.1470800288526473,1.2980432483426345
ood,5,camera_location_viewpoint,reach,camera_fixed,fixed_train,camera_extreme_ood_eval,3,450,0.09555555555555556,0.16550707716769272,0.18728888888888892,0.3333333333333333,0.5773502691896257,0.6533333333333333,0.6666666666666666,0.5773502691896257,0.6533333333333333,1.0,0.0,0.0,0.01472162239977883,0.010817964866588828,0.012241679658505589,0.28735029227203795,0.02387631562507124,0.027018594616647042,400.0,0.0,0.0,79.06444444444445,5.149681040104798,5.827412680100626
ood,5,camera_location_viewpoint,reach,camera_multi_pose,diverse_train,camera_extreme_ood_eval,3,450,0.0,0.0,0.0,0.6666666666666666,0.5773502691896257,0.6533333333333333,0.6666666666666666,0.5773502691896257,0.6533333333333333,1.0,0.0,0.0,0.015374028511966268,0.012022203839463928,0.01360440434101542,0.2820914704932107,0.04836646150957257,0.05473180356171074,400.0,0.0,0.0,79.66666666666667,4.041451884327381,4.573333333333334
ood,5,color,avoid_reach,avoid_color_multi,diverse_train,avoid_color_ood_eval,3,450,0.0,0.0,0.0,0.3333333333333333,0.5773502691896257,0.6533333333333333,0.3333333333333333,0.5773502691896257,0.6533333333333333,1.0,0.0,0.0,0.02199962635835012,0.012570112677966254,0.014224421559200779,0.536241430176629,0.007430555227938824,0.008408464799714568,400.0,0.0,0.0,144.33333333333334,0.5773502691896257,0.6533333333333333
ood,5,color,avoid_reach,avoid_color_red_only,fixed_train,avoid_color_ood_eval,3,450,0.0,0.0,0.0,0.0,0.0,0.0,0.3333333333333333,0.5773502691896257,0.6533333333333333,1.0,0.0,0.0,0.025034680983258617,0.008669819106577752,0.009810823894215732,0.5394923612806531,0.032274249410500784,0.03652175130668967,400.0,0.0,0.0,144.33333333333334,4.932882862316247,5.582082446940786
ood,5,color,reach,color_multi,diverse_train,color_ood_eval,3,450,0.3333333333333333,0.5773502691896257,0.6533333333333333,0.6666666666666666,0.5773502691896257,0.6533333333333333,1.0,0.0,0.0,1.0,0.0,0.0,0.010481012475987275,0.008125376615256358,0.009194729217127284,0.27792785561747024,0.05365617955560954,0.060717683031831414,400.0,0.0,0.0,78.66666666666667,2.0816659994661326,2.35562683330314
ood,5,color,reach,color_red_only,fixed_train,color_ood_eval,3,450,0.3333333333333333,0.5773502691896257,0.6533333333333333,0.3333333333333333,0.5773502691896257,0.6533333333333333,1.0,0.0,0.0,1.0,0.0,0.0,0.00908596526986609,0.005161118021442745,0.005840354842838819,0.29386053588655264,0.030961288840995485,0.03503599655574074,400.0,0.0,0.0,76.66666666666667,1.5275252316519468,1.728557523228866
ood,5,lighting_direction_intensity,avoid_reach,avoid_lighting_diverse,diverse_train,avoid_lighting_extreme_ood_eval,3,450,0.0,0.0,0.0,0.0,0.0,0.0,0.3333333333333333,0.5773502691896257,0.6533333333333333,1.0,0.0,0.0,0.020937670982546275,0.009094643241380726,0.010291557658245755,0.5422701706488927,0.026174587037522536,0.029619333549200214,400.0,0.0,0.0,138.14666666666668,13.679933398148469,15.480301930637655
ood,5,lighting_direction_intensity,avoid_reach,avoid_lighting_fixed,fixed_train,avoid_lighting_extreme_ood_eval,3,450,0.0,0.0,0.0,0.3333333333333333,0.5773502691896257,0.6533333333333333,0.6666666666666666,0.5773502691896257,0.6533333333333333,1.0,0.0,0.0,0.01666231120419171,0.011226128579654288,0.012703560380544678,0.5695631498760647,0.031098193123650735,0.03519091833565141,400.0,0.0,0.0,144.6488888888889,4.19594689794454,4.748160899225965
ood,5,lighting_direction_intensity,reach,lighting_diverse,diverse_train,lighting_extreme_ood_eval,3,450,0.0,0.0,0.0,0.39111111111111113,0.3387121579245804,0.38328888888888885,0.8622222222222223,0.2386381112650453,0.2700444444444445,1.0,0.0,0.0,0.011492649585836463,0.002575382143402871,0.0029143192445692137,0.23991073512368732,0.035404169760770335,0.040063589605959286,400.0,0.0,0.0,78.12444444444445,3.7194344452608146,4.2089362972808155
ood,5,lighting_direction_intensity,reach,lighting_fixed,fixed_train,lighting_extreme_ood_eval,3,450,0.0,0.0,0.0,0.0,0.0,0.0,0.4711111111111111,0.10007404665953513,0.11324444444444445,1.0,0.0,0.0,0.027859466965827678,0.007206546029897513,0.008154974528965965,0.16667679064803653,0.07801487444177059,0.08828214116911216,400.0,0.0,0.0,78.96,0.47347415745506294,0.5357864472315832
ood,5,spatial_distribution,avoid_reach,avoid_spatial_narrow,narrow_train,avoid_spatial_edge_ood_eval,3,450,0.0022222222222222222,0.0038490017945975053,0.004355555555555556,0.024444444444444446,0.00769800358919501,0.00871111111111111,0.06222222222222223,0.02143033502442879,0.024250707002548545,0.19333333333333336,0.011547005383792509,0.01306666666666666,0.12801560030422277,0.013872899268459561,0.015698663369087953,0.5132979584485292,0.017781811932485923,0.020122014455564094,400.0,0.0,0.0,157.95814132104456,28.890121908239674,32.69225053486083
ood,5,spatial_distribution,avoid_reach,avoid_spatial_wide,wide_train,avoid_spatial_edge_ood_eval,3,450,0.0044444444444444444,0.0038490017945975053,0.004355555555555556,0.031111111111111114,0.03150543750835072,0.03565175873971111,0.08222222222222221,0.07784124394727553,0.08808565976814911,0.2488888888888889,0.03355481971231445,0.037970853019287654,0.11785619888661636,0.006010046041849497,0.00680100733220355,0.33139958053827284,0.08189092082928168,0.09266830056254532,400.0,0.0,0.0,184.62706244778613,8.998587560313094,10.18286042253544
ood,5,spatial_distribution,reach,spatial_narrow,narrow_train,spatial_edge_ood_eval,3,450,0.0,0.0,0.0,0.008888888888888889,0.010183501544346312,0.011523716821525774,0.03777777777777778,0.02036700308869262,0.023047433643051545,0.11111111111111112,0.026943012562182542,0.030488888888888895,0.13652559077884588,0.0013515725255154407,0.0015294482924138584,0.2858193952590227,0.04994459156697292,0.056517625836085154,400.0,0.0,0.0,109.87280701754385,4.976473969300788,5.6314104281503115
ood,5,spatial_distribution,reach,spatial_wide,wide_train,spatial_edge_ood_eval,3,450,0.0,0.0,0.0,0.0022222222222222222,0.0038490017945975053,0.004355555555555556,0.022222222222222223,0.019245008972987525,0.021777777777777778,0.14666666666666667,0.03527668414752788,0.03991932605383755,0.13596961042429836,0.003772423980709614,0.004268899601489786,0.3551154372882512,0.14427156289091134,0.16325864231609233,400.0,0.0,0.0,121.63915343915342,19.364147133645925,21.91259529806647
ood,20,camera_location_viewpoint,avoid_reach,avoid_camera_fixed,fixed_train,avoid_camera_extreme_ood_eval,3,450,0.0,0.0,0.0,0.3333333333333333,0.5773502691896257,0.6533333333333333,0.6622222222222223,0.5735400144263242,0.6490216241713178,1.0,0.0,0.0,0.016588663627497023,0.011678716516441177,0.013215711844131018,1.0115277564525604,0.20264229994051125,0.22931134938292375,400.0,0.0,0.0,153.91333333333333,26.05277293836066,29.4814879194335
ood,20,camera_location_viewpoint,avoid_reach,avoid_camera_multi_pose,diverse_train,avoid_camera_extreme_ood_eval,3,450,0.0,0.0,0.0,0.3333333333333333,0.5773502691896257,0.6533333333333333,0.6666666666666666,0.5773502691896257,0.6533333333333333,1.0,0.0,0.0,0.01600372447632253,0.009373029445577816,0.010606581304112215,1.0884088860617744,0.029374118870307973,0.033239944656481536,400.0,0.0,0.0,146.66666666666666,4.509249752822894,5.102696454925681
ood,20,camera_location_viewpoint,reach,camera_fixed,fixed_train,camera_extreme_ood_eval,3,450,0.02888888888888889,0.05003702332976757,0.05662222222222223,0.8088888888888889,0.33101415433538545,0.37457777777777784,1.0,0.0,0.0,1.0,0.0,0.0,0.007690376348586546,0.0020109321911599,0.002275583994100974,0.06199102584272623,0.06279082327821213,0.07105450549573543,400.0,0.0,0.0,78.55333333333333,0.46795061467827953,0.5295359701698329
ood,20,camera_location_viewpoint,reach,camera_multi_pose,diverse_train,camera_extreme_ood_eval,3,450,0.0,0.0,0.0,0.7511111111111112,0.43108820099492057,0.48782222222222227,1.0,0.0,0.0,1.0,0.0,0.0,0.009035595709251033,0.0018606894317327529,0.0021055683068068255,0.13744247033364243,0.09976188242522227,0.11289119735920912,400.0,0.0,0.0,77.94222222222221,0.10007404665953437,0.11324444444444358
ood,20,color,avoid_reach,avoid_color_multi,diverse_train,avoid_color_ood_eval,3,450,0.0,0.0,0.0,0.0,0.0,0.0,0.6666666666666666,0.5773502691896257,0.6533333333333333,1.0,0.0,0.0,0.018838130241880812,0.006306718936367601,0.007136724316205684,0.8684388183222876,0.2320137425873701,0.2625482656074809,400.0,0.0,0.0,134.42,10.953045238653953,12.394537489286698
ood,20,color,avoid_reach,avoid_color_red_only,fixed_train,avoid_color_ood_eval,3,450,0.0,0.0,0.0,0.0,0.0,0.0,0.7533333333333333,0.42723919920032305,0.48346666666666666,1.0,0.0,0.0,0.018252099230885506,0.005446617615746812,0.006163428047383784,0.7592034995555877,0.29650669459383844,0.3355289110829464,400.0,0.0,0.0,181.5377777777778,27.456749288316733,31.070236721656194
ood,20,color,reach,color_multi,diverse_train,color_ood_eval,3,450,0.3333333333333333,0.5773502691896257,0.6533333333333333,0.6666666666666666,0.5773502691896257,0.6533333333333333,1.0,0.0,0.0,1.0,0.0,0.0,0.010957166483211848,0.007802723183432228,0.008829612487518793,0.2186436988910039,0.050776246330374704,0.057458731795069946,400.0,0.0,0.0,77.58888888888889,2.424250934328495,2.743298181854806
ood,20,color,reach,color_red_only,fixed_train,color_ood_eval,3,450,0.0,0.0,0.0,0.3333333333333333,0.5773502691896257,0.6533333333333333,1.0,0.0,0.0,1.0,0.0,0.0,0.012302076306401026,0.004774663008086403,0.005403039827096529,0.12204194270074369,0.049597708430219864,0.05612509061421698,400.0,0.0,0.0,75.26222222222222,1.679382602603091,1.9004003154631268
ood,20,lighting_direction_intensity,avoid_reach,avoid_lighting_diverse,diverse_train,avoid_lighting_extreme_ood_eval,3,450,0.0,0.0,0.0,0.0,0.0,0.0,0.3333333333333333,0.5773502691896257,0.6533333333333333,1.0,0.0,0.0,0.020659585448188914,0.005165334355929771,0.005845126074466932,0.8263397188981374,0.24535609718138587,0.2776465611597787,400.0,0.0,0.0,134.61333333333332,6.489800544786504,7.343900659378157
ood,20,lighting_direction_intensity,avoid_reach,avoid_lighting_fixed,fixed_train,avoid_lighting_extreme_ood_eval,3,450,0.0,0.0,0.0,0.0,0.0,0.0,0.4266666666666667,0.12771496040445343,0.14452308286734503,0.8533333333333334,0.12771496040445343,0.14452308286734503,0.03954703689449363,0.017151879171146207,0.019409178430875626,0.6398681410815982,0.11905758479009923,0.13472634011015575,400.0,0.0,0.0,160.58790565501565,29.29702659038602,33.15270652929339
ood,20,lighting_direction_intensity,reach,lighting_diverse,diverse_train,lighting_extreme_ood_eval,3,450,0.19555555555555557,0.3387121579245804,0.38328888888888885,0.4711111111111111,0.10007404665953513,0.11324444444444445,0.8044444444444444,0.3387121579245804,0.38328888888888885,1.0,0.0,0.0,0.012532912743174368,0.007846550625283555,0.008879207906806274,0.08464052817059887,0.0703736377528095,0.07963526785285804,400.0,0.0,0.0,73.57333333333334,6.7637070703374915,7.653855071647087
ood,20,lighting_direction_intensity,reach,lighting_fixed,fixed_train,lighting_extreme_ood_eval,3,450,0.19555555555555557,0.3387121579245804,0.38328888888888885,0.39111111111111113,0.3387121579245804,0.38328888888888885,0.5866666666666667,0.0,0.0,0.9377777777777778,0.10777205024873013,0.12195555555555555,0.02176122805931502,0.01119028704896305,0.012663001870454882,0.16132432091567253,0.08082896596247426,0.09146658550323708,400.0,0.0,0.0,78.41814207650273,0.5480239136385189,0.6201474379606402
ood,20,spatial_distribution,avoid_reach,avoid_spatial_narrow,narrow_train,avoid_spatial_edge_ood_eval,3,450,0.0,0.0,0.0,0.017777777777777778,0.01677740985615722,0.018985426509643823,0.044444444444444446,0.03906310184721543,0.044204061039068335,0.19999999999999998,0.07055336829505576,0.0798386521076751,0.13069844408064255,0.0027223553153029236,0.003080635045275105,0.3650379959742229,0.07340862172865277,0.08306967553111909,400.0,0.0,0.0,159.45608301800252,5.963621519845059,6.748473040062076
ood,20,spatial_distribution,avoid_reach,avoid_spatial_wide,wide_train,avoid_spatial_edge_ood_eval,3,450,0.006666666666666667,0.011547005383792516,0.01306666666666667,0.022222222222222223,0.03849001794597505,0.043555555555555556,0.12666666666666668,0.05456901847914967,0.06175065751636742,0.36000000000000004,0.04618802153517007,0.052266666666666683,0.09271747040614071,0.0113315560881983,0.012822862837402919,0.5296000512358215,0.09520549780813112,0.10773516278419938,400.0,0.0,0.0,146.65354838709678,11.162885901240797,12.631994552828326
ood,20,spatial_distribution,reach,spatial_narrow,narrow_train,spatial_edge_ood_eval,3,450,0.0,0.0,0.0,0.013333333333333334,0.006666666666666667,0.007544043517411111,0.07333333333333333,0.04,0.045264261104466665,0.14666666666666667,0.029059326290271158,0.03288372331806816,0.13334453339378038,0.004224358659210184,0.004780311833735112,0.2694148187732531,0.02994406739186223,0.03388490212387495,400.0,0.0,0.0,120.08398692810458,19.879356339456784,22.49560939844766
ood,20,spatial_distribution,reach,spatial_wide,wide_train,spatial_edge_ood_eval,3,450,0.008888888888888889,0.010183501544346312,0.011523716821525774,0.03777777777777778,0.027755546659548436,0.0314083577773752,0.1311111111111111,0.06012333003763859,0.0680359527323424,0.29777777777777775,0.12098362301169954,0.13690585753414825,0.1090566855803546,0.02520091280582658,0.028517517432845797,0.2734776044981037,0.0539427286662598,0.061041943875924556,398.85555555555555,1.0044862331523476,1.136683178331251,104.11166371942234,7.160558019520892,8.102934196231908
ood,50,camera_location_viewpoint,avoid_reach,avoid_camera_fixed,fixed_train,avoid_camera_extreme_ood_eval,3,450,0.05111111111111111,0.05747785402834472,0.0650423148115854,0.31777777777777777,0.2939639685655621,0.3326515457114208,0.6022222222222223,0.49379857941982486,0.5587856957968418,0.9933333333333333,0.011547005383792526,0.01306666666666668,0.020126163268772264,0.013799782111664058,0.015615923517177756,0.8589353941546546,0.1672728815768254,0.1892870846847489,400.0,0.0,0.0,147.75632653061226,33.395237275436116,37.790268492023955
ood,50,camera_location_viewpoint,avoid_reach,avoid_camera_multi_pose,diverse_train,avoid_camera_extreme_ood_eval,3,450,0.0,0.0,0.0,0.0,0.0,0.0,0.3333333333333333,0.5773502691896257,0.6533333333333333,0.6666666666666666,0.5773502691896257,0.6533333333333333,0.08528800978842709,0.10908747213610151,0.12344409554986825,0.8715219622188144,0.34399924703443846,0.3892717934376688,400.0,0.0,0.0,155.0,15.556349186104045,21.56
ood,50,camera_location_viewpoint,reach,camera_fixed,fixed_train,camera_extreme_ood_eval,3,450,0.6622222222222223,0.5735400144263242,0.6490216241713178,1.0,0.0,0.0,1.0,0.0,0.0,1.0,0.0,0.0,0.0037812841884765983,0.0029672447145300956,0.0033577534879834724,0.020944275796969627,0.008266883408692194,0.00935485922828067,351.75333333333333,78.81658793257503,89.18936538858081,78.49777777777778,0.353668604037,0.40021370093957503
ood,50,camera_location_viewpoint,reach,camera_multi_pose,diverse_train,camera_extreme_ood_eval,3,450,0.4777777777777778,0.5014792931731893,0.5674772416168656,1.0,0.0,0.0,1.0,0.0,0.0,1.0,0.0,0.0,0.005208286184093191,0.001107086321309894,0.001252786107823863,0.021763067291014723,0.0012693919810130682,0.0014364522518122928,400.0,0.0,0.0,78.64444444444445,0.5590998055737398,0.6326809895736576
ood,50,color,avoid_reach,avoid_color_multi,diverse_train,avoid_color_ood_eval,3,450,0.0,0.0,0.0,0.0,0.0,0.0,0.6666666666666666,0.5773502691896257,0.6533333333333333,1.0,0.0,0.0,0.017004131401578585,0.003562893888881604,0.004031793981846139,0.9509110539489322,0.036874475832604926,0.04172739755443438,400.0,0.0,0.0,144.9466666666667,6.660704000162275,7.537296125072769
ood,50,color,avoid_reach,avoid_color_red_only,fixed_train,avoid_color_ood_eval,3,450,0.0,0.0,0.0,0.0,0.0,0.0,0.6666666666666666,0.5773502691896257,0.6533333333333333,1.0,0.0,0.0,0.01729650461425384,0.0038410702049872466,0.00434658011697825,0.8688250054253471,0.19799444412243578,0.2240518053997917,400.0,0.0,0.0,149.73777777777778,3.3641861048622403,3.8069349563625776
ood,50,color,reach,color_multi,diverse_train,color_ood_eval,3,450,0.9288888888888889,0.12316805742712018,0.1393777777777778,1.0,0.0,0.0,1.0,0.0,0.0,1.0,0.0,0.0,0.0036264683694268267,0.000862252242381505,0.000975730265926708,0.055253959985242955,0.0374624798688539,0.04239278676011572,400.0,0.0,0.0,78.93333333333334,1.43203041556774,1.620494965994902
ood,50,color,reach,color_red_only,fixed_train,color_ood_eval,3,450,0.15555555555555556,0.26943012562182533,0.3048888888888889,0.6444444444444445,0.3079201435678004,0.34844444444444445,1.0,0.0,0.0,1.0,0.0,0.0,0.010313437238025169,0.003962218134969637,0.004483671905352964,0.04601854558051047,0.025930901090497265,0.02934357694085919,376.6933333333333,40.368330821738645,45.68106666666668,73.77999999999999,0.3903844259188633,0.44176156464771876
ood,50,lighting_direction_intensity,avoid_reach,avoid_lighting_diverse,diverse_train,avoid_lighting_extreme_ood_eval,3,450,0.0,0.0,0.0,0.0,0.0,0.0,0.31777777777777777,0.3673528932078093,0.41569893189098844,1.0,0.0,0.0,0.02072404507961538,0.0010315108754963829,0.001167264440014132,0.830135914352205,0.1258032530168175,0.14235978230861276,400.0,0.0,0.0,146.5533333333333,2.5409009775624543,2.8753001322245377
ood,50,lighting_direction_intensity,avoid_reach,avoid_lighting_fixed,fixed_train,avoid_lighting_extreme_ood_eval,3,450,0.0,0.0,0.0,0.0,0.0,0.0,0.43555555555555553,0.13471506281091264,0.1524444444444444,0.9311111111111111,0.11931905563252265,0.13502222222222224,0.03447598081909948,0.01865934499865299,0.02111503660143383,0.6395785791344113,0.11963123977425687,0.1353754918348255,400.0,0.0,0.0,145.25908496732026,2.9933302593042113,3.387272060726168
ood,50,lighting_direction_intensity,reach,lighting_diverse,diverse_train,lighting_extreme_ood_eval,3,450,0.13777777777777778,0.2386381112650453,0.2700444444444445,0.3511111111111111,0.10777205024873014,0.12195555555555557,0.6088888888888889,0.3387121579245804,0.38328888888888885,0.8044444444444444,0.3387121579245804,0.38328888888888885,0.03990132594688071,0.03498053760151289,0.03958420468923733,0.0975738192266888,0.09196992927819946,0.10407377231519382,400.0,0.0,0.0,89.51612903225806,17.61782184002511,19.936442196471795
ood,50,lighting_direction_intensity,reach,lighting_fixed,fixed_train,lighting_extreme_ood_eval,3,450,0.13777777777777778,0.2386381112650453,0.2700444444444445,0.4711111111111111,0.10007404665953513,0.11324444444444445,0.6088888888888889,0.3387121579245804,0.38328888888888885,0.9111111111111111,0.15396007178390023,0.17422222222222228,0.020581511054188015,0.00951991366741529,0.010772796448346661,0.10368866743312942,0.0633170033393398,0.07164993428760662,400.0,0.0,0.0,80.89939393939393,4.5602495380629255,5.160408144810094
ood,50,spatial_distribution,avoid_reach,avoid_spatial_narrow,narrow_train,avoid_spatial_edge_ood_eval,3,450,0.0,0.0,0.0,0.006666666666666667,0.011547005383792516,0.01306666666666667,0.02666666666666667,0.029059326290271154,0.03288372331806815,0.18666666666666668,0.039999999999999994,0.04526426110446665,0.128993385978457,0.011178011466196945,0.012649110740866519,0.33153670678329134,0.12564855456314392,0.14218472452862432,400.0,0.0,0.0,172.88700025464732,6.017046299502724,6.808928869458905
ood,50,spatial_distribution,avoid_reach,avoid_spatial_wide,wide_train,avoid_spatial_edge_ood_eval,3,450,0.0022222222222222222,0.0038490017945975053,0.004355555555555556,0.015555555555555557,0.00769800358919501,0.00871111111111111,0.10222222222222221,0.027755546659548436,0.0314083577773752,0.3244444444444445,0.02694301256218255,0.030488888888888902,0.09606523572570747,0.004951368578479016,0.005603001004018153,0.33434276791910333,0.08342382592331633,0.09440294597316413,400.0,0.0,0.0,156.0787284610814,25.340041086691247,28.674955903647643
ood,50,spatial_distribution,reach,spatial_narrow,narrow_train,spatial_edge_ood_eval,3,450,0.013333333333333334,0.006666666666666667,0.007544043517411111,0.044444444444444446,0.026943012562182535,0.030488888888888892,0.11777777777777777,0.037908271353848846,0.042897247314489705,0.20444444444444443,0.053886025124365064,0.06097777777777778,0.13552728175340842,0.0032098131101061882,0.0036322454678096674,0.27570369764127667,0.04564321583074828,0.0516501609752629,400.0,0.0,0.0,113.27884615384615,16.63095502191105,18.819697263210568
ood,50,spatial_distribution,reach,spatial_wide,wide_train,spatial_edge_ood_eval,3,450,0.013333333333333334,0.013333333333333334,0.015088087034822222,0.04888888888888889,0.05590998055737388,0.06326809895736564,0.26,0.1638427430325934,0.1854055175174836,0.54,0.22929844695893117,0.259475619349944,0.07073603071712165,0.03219877239511161,0.036436341023390634,0.16023115748539565,0.07317302923357875,0.08280307752583702,400.0,0.0,0.0,97.55760252819077,10.945159517145727,12.385613955353062
